id,Name,Address,Lat,Long,Number of Ratings,Restaurant Rating,Type of Restaurant,Number of Bookmarks,Price Range,Phone Number,Website,Instagram,Facebook,Timetable,url
134,Pantín Grill,"10 Calle de Echegaray,Madrid,Spain,28014",40.415678,-3.699680,1,4.0,['American'],1,Moderado,+34-914929219,http://pantingrill.com/,http://www.instagram.com/pantingrill,No facebook,"{'Monday': '13:00 - 16:30, 20:00 - 23:30', 'Tuesday': '13:00 - 16:30, 20:00 - 23:30', 'Wednesday': '13:00 - 16:30, 20:00 - 23:30', 'Thursday': '13:00 - 16:30, 20:00 - 23:30', 'Friday': '13:00 - 00:00', 'Saturday': '13:00 - 00:00', 'Sunday': '13:00 - 23:30'}",https://www.happycow.net/reviews/pantin-grill-madrid-393344
135,Artemisa Sol - Huertas,"Ventura de la Vega, 4,Madrid,Spain,28014",40.416330,-3.698890,57,4.0,['Spanish'],81,Moderado,+34-914295092,http://restaurantesvegetarianosartemisa.com/,No instagram,No facebook,"{'Monday': '13:30 - 16:00, 21:00 - 00:00', 'Tuesday': '13:30 - 16:00, 21:00 - 00:00', 'Wednesday': '13:30 - 16:00, 21:00 - 00:00', 'Thursday': '13:30 - 16:00, 21:00 - 00:00', 'Friday': '13:30 - 16:00, 21:00 - 00:00', 'Saturday': '13:30 - 16:00, 21:00 - 00:00', 'Sunday': '13:30 - 16:00, 21:00 - 00:00'}",https://www.happycow.net/reviews/artemisa-sol-madrid-8099
136,Ginkgo ,"Pl de España, 3,Madrid,Spain,28008",40.422832,-3.711445,1,4.0,"['International', 'Fusion']",0,Caro,+34-915955512,https://www.ginkgoskybarmadrid.com/?utm_source=google&utm_medium=organic&utm_campaign=knowledge-graph,http://www.instagram.com/ginkgoskybar/,http://facebook.com/ginkgoskybar/,"{'Monday': '13:00 - 01:00', 'Tuesday': '13:00 - 01:00', 'Wednesday': '13:00 - 01:00', 'Thursday': '13:00 - 01:00', 'Friday': '13:00 - 02:30', 'Saturday': '13:00 - 02:30', 'Sunday': '13:00 - 01:00'}",https://www.happycow.net/reviews/ginkgo-madrid-408585
137,100 Montaditos - Centro,"Calle del Príncipe, 18,Madrid,Spain,28012",40.415242,-3.700343,2,3.0,['Spanish'],4,Moderado,+34-915328791,https://spain.100montaditos.com/,http://www.instagram.com/100montaditos,http://facebook.com/100MontaditosSpain,"{'Monday': '10:00 - 00:00', 'Tuesday': '10:00 - 00:00', 'Wednesday': '10:00 - 00:00', 'Thursday': '10:00 - 00:00', 'Friday': '10:00 - 01:00', 'Saturday': '12:00 - 01:00', 'Sunday': '12:00 - 00:00'}",https://www.happycow.net/reviews/one-hundred-montaditos-madrid-367450
138,Zuccaru,"Calle de Vergara, 16,Madrid,Spain,28013",40.417230,-3.711617,9,4.5,[],12,No price range,+34-639330801,http://www.zuccaru.es/,No instagram,No facebook,"{'Monday': '10:00 - 18:00', 'Tuesday': '10:00 - 18:00', 'Wednesday': 'Closed', 'Thursday': '10:00 - 18:00', 'Friday': '10:00 - 18:00', 'Saturday': '11:00 - 20:00', 'Sunday': '11:00 - 20:00'}",https://www.happycow.net/reviews/zuccaru-madrid-98565
139,Persa Casera,"C de San Vicente Ferrer, 23,Madrid,Spain,28004",40.425612,-3.703108,3,4.0,['Middle Eastern'],5,Moderado,+34-657232482,https://ten-ten-pie-comida-persa-casera-shahla.business.site/,No instagram,http://facebook.com/comidapersashahla,"{'Monday': '13:00 - 17:00, 20:00 - 01:00', 'Tuesday': '13:00 - 17:00, 20:00 - 01:00', 'Wednesday': '13:00 - 17:00, 20:00 - 01:00', 'Thursday': '13:00 - 17:00, 20:00 - 01:00', 'Friday': '13:00 - 17:00, 20:00 - 01:00', 'Saturday': '13:00 - 17:00, 20:00 - 01:00', 'Sunday': '13:00 - 17:00, 20:00 - 01:00'}",https://www.happycow.net/reviews/persa-casera-madrid-254017
140,La Cocina de mi Vecina,"Corre. Alta de San Pablo, 15,Madrid,Spain,28004",40.425347,-3.701996,1,4.0,['European'],0,No price range,+34-910252617,http://www.lacocinademivecina.com/,http://www.instagram.com/lacocinademivecina,http://facebook.com/lacocinademivecina/,"{'Monday': '10:00 - 22:00', 'Tuesday': '10:00 - 22:00', 'Wednesday': '10:00 - 22:00', 'Thursday': '10:00 - 22:00', 'Friday': '10:00 - 22:00', 'Saturday': '10:00 - 22:00', 'Sunday': '10:00 - 22:00'}",https://www.happycow.net/reviews/la-cocina-de-mi-vecina-madrid-409256
141,DimSum Market,"C/ Príncipe, 19 (at off Plaza Santa Ana),Madrid,Spain,28012",40.415257,-3.700218,18,3.5,"['Chinese', 'Asian']",63,Barato,+34-911569288,http://www.dimsummarket.es/,No instagram,http://facebook.com/dimsummarket,"{'Monday': '12:30 - 00:00', 'Tuesday': '12:30 - 00:00', 'Wednesday': '12:30 - 00:00', 'Thursday': '12:30 - 00:00', 'Friday': '12:30 - 00:00', 'Saturday': '12:30 - 00:00', 'Sunday': '12:30 - 00:00'}",https://www.happycow.net/reviews/dimsum-market-madrid-73205
142,Babel Restaurante,"23 Calle de la Libertad,Madrid,Spain,28004",40.421529,-3.697470,1,3.0,"['Mediterranean', 'European', 'Spanish']",4,Moderado,+34-915216137,No website,http://www.instagram.com/babelrest,http://facebook.com/babelrest,"{'Monday': '13:00 - 16:00, 20:00 - 23:30', 'Tuesday': '13:00 - 16:00, 20:00 - 23:30', 'Wednesday': '13:00 - 16:00, 20:00 - 23:30', 'Thursday': '13:00 - 16:00, 20:00 - 23:30', 'Friday': '13:00 - 16:00, 20:00 - 00:00', 'Saturday': '13:00 - 16:00, 20:00 - 00:00', 'Sunday': '13:00 - 16:00, 20:00 - 23:30'}",https://www.happycow.net/reviews/babel-restaurante-madrid-323562
143,Para Veganos VIP,"San Vicente Ferrer 35,Madrid,Spain,28004",40.425794,-3.704575,8,5.0,[],13,No price range,No phone number,https://paraveganosvip.com/,No instagram,No facebook,{'Horario': 'No hay horario'},https://www.happycow.net/reviews/para-veganos-vip-madrid-142853
144,J & J Books and Coffee - Maybe closed,"Calle del Espíritu Santo, 47,Madrid,Spain,28004",40.425647,-3.706701,2,4.0,"['International', 'European']",18,Barato,+34-915218576,https://jandjbookscoffee.weebly.com/,http://www.instagram.com/jjbookscoffee,No facebook,"{'Monday': '16:00 - 22:00', 'Tuesday': '16:00 - 22:00', 'Wednesday': '16:00 - 22:00', 'Thursday': '16:00 - 22:00', 'Friday': '12:00 - 00:00', 'Saturday': '11:00 - 23:30', 'Sunday': '11:00 - 17:00'}",https://www.happycow.net/reviews/j-j-books-and-coffee-madrid-222497
145,Indian Aroma,"C de Ventura de la Vega, 6,Madrid,Spain,28014",40.415959,-3.699137,11,4.0,['Indian'],28,Moderado,+34-913692333,http://www.restauranteindianaroma.com/,No instagram,http://facebook.com/Indian-Aroma-169897859717020,"{'Monday': '13:00 - 16:00, 20:00 - 00:30', 'Tuesday': '13:00 - 16:00, 20:00 - 00:30', 'Wednesday': '13:00 - 16:00, 20:00 - 00:30', 'Thursday': '13:00 - 16:00, 20:00 - 00:30', 'Friday': '13:00 - 16:00, 20:00 - 00:30', 'Saturday': '13:00 - 16:00, 20:00 - 00:30', 'Sunday': '13:00 - 16:00, 20:00 - 00:30'}",https://www.happycow.net/reviews/indian-aroma-madrid-250963
146,44 Sushi Bar,"Calle del Marqués de Valdeiglesias, 8,Madrid,Spain,28004",40.419864,-3.697120,1,3.0,"['Japanese', 'Asian']",1,Moderado,+34-810524441,No website,http://www.instagram.com/44sushibar,http://facebook.com/44sushibar,"{'Monday': '12:30 - 16:30, 20:00 - 23:30', 'Tuesday': '12:30 - 16:30, 20:00 - 23:30', 'Wednesday': '12:30 - 16:30, 20:00 - 23:30', 'Thursday': '12:30 - 16:30, 20:00 - 00:00', 'Friday': '12:30 - 17:00, 20:00 - 00:30', 'Saturday': '12:30 - 17:00, 20:00 - 00:30', 'Sunday': '12:30 - 17:00, 20:00 - 23:30'}",https://www.happycow.net/reviews/forty-four-sushi-bar-madrid-357924
147,Arepa Mia,"28 Calle de San Vicente Ferrer,Madrid,Spain,28004",40.425767,-3.703532,1,4.0,['Latin'],4,Moderado,No phone number,No website,No instagram,No facebook,"{'Monday': 'Closed', 'Tuesday': '13:00 - 16:00, 19:00 - 00:00', 'Wednesday': '13:00 - 16:00, 19:00 - 00:00', 'Thursday': '13:00 - 16:00, 19:00 - 00:00', 'Friday': '13:00 - 16:00, 19:00 - 00:00', 'Saturday': '13:00 - 16:00, 19:00 - 00:00', 'Sunday': '13:00 - 16:00, 19:00 - 00:00'}",https://www.happycow.net/reviews/arepa-mia-madrid-388971
148,Okashi Sanda,"Calle de San Vicente Ferrer, 22,Madrid,Spain,28004",40.425738,-3.703267,19,4.0,"['Japanese', 'Asian']",39,Moderado,+34-913654402,http://www.okashisanda.com/,No instagram,http://facebook.com/okashi.sanda,"{'Monday': 'Closed', 'Tuesday': 'Closed', 'Wednesday': 'Closed', 'Thursday': '20:00 - 23:00', 'Friday': '13:00 - 16:00, 20:00 - 23:00', 'Saturday': '13:00 - 16:00, 20:00 - 23:00', 'Sunday': '13:00 - 16:00'}",https://www.happycow.net/reviews/okashi-sanda-madrid-228467
149,PerrisBurgers,"Calle San Vicente Ferrer 38,Madrid,Spain",40.425867,-3.704429,0,0,"['American', 'Western']",6,Barato,No phone number,No website,No instagram,No facebook,"{'Monday': '22:00 - 03:00', 'Tuesday': 'Closed', 'Wednesday': '22:00 - 03:00', 'Thursday': '22:00 - 03:00', 'Friday': '22:00 - 06:00', 'Saturday': '22:00 - 06:00', 'Sunday': '22:00 - 03:00'}",https://www.happycow.net/reviews/perrisburgers-madrid-90420
150,Häagen-Dazs,"Calle de Bailén, 15,Madrid,Spain,28013",40.419993,-3.712764,0,0,['American'],0,No price range,+34-910526031,https://www.haagen-dazs.es/shop/madrid/plaza-de-oriente,No instagram,http://facebook.com/HaagenDazsPlazadeOriente,"{'Monday': '10:00 - 01:00', 'Tuesday': '10:00 - 01:00', 'Wednesday': '10:00 - 01:00', 'Thursday': '10:00 - 01:00', 'Friday': '10:00 - 01:30', 'Saturday': '10:00 - 01:30', 'Sunday': '10:00 - 01:00'}",https://www.happycow.net/reviews/haeagen-dazs-madrid-306790
151,Superchulo,"Calle de Fuencarral, 74,Madrid,Spain,28004",40.425075,-3.700721,92,4.5,"['Western', 'Mediterranean', 'Spanish']",161,Barato,+34-910232706,http://www.superchulomadrid.com/,No instagram,No facebook,"{'Monday': '10:00 - 00:00', 'Tuesday': '10:00 - 00:00', 'Wednesday': 'Closed', 'Thursday': '10:00 - 00:00', 'Friday': '10:00 - 00:00', 'Saturday': '10:00 - 00:00', 'Sunday': '10:00 - 00:00'}",https://www.happycow.net/reviews/superchulo-madrid-97861
152,The Quick Greek," C de San Bernardo, 53,Madrid,Spain,28015",40.425702,-3.707394,0,0,['Mediterranean'],3,Barato,+34-913309499,https://thequickgreek.com/,http://www.instagram.com/thequickgreek,http://facebook.com/QuickGreek,"{'Monday': '12:30 - 16:00, 19:00 - 23:00', 'Tuesday': '12:30 - 16:00, 19:00 - 23:00', 'Wednesday': '12:30 - 16:00, 19:00 - 23:00', 'Thursday': '12:30 - 16:00, 19:00 - 23:00', 'Friday': '12:30 - 00:00', 'Saturday': '12:30 - 00:00', 'Sunday': '12:30 - 00:00'}",https://www.happycow.net/reviews/the-quick-greek-madrid-280944
153,Pizzi & Dixie,"Calle San Vicente Ferrer 16,Madrid,Spain,28004",40.425836,-3.702809,195,4.5,"['Italian', 'European', 'Spanish']",379,Moderado,+34-912659887,http://pizzidixie.com/,No instagram,http://facebook.com/Pizzi-Dixie-137393603469448,"{'Monday': '13:30 - 16:00, 20:30 - 23:30', 'Tuesday': '13:30 - 16:00, 20:30 - 23:30', 'Wednesday': '13:30 - 16:00, 20:30 - 23:30', 'Thursday': '13:30 - 16:00, 20:30 - 23:30', 'Friday': '13:30 - 16:00, 20:30 - 00:00', 'Saturday': '13:30 - 16:00, 20:30 - 00:00', 'Sunday': '13:30 - 16:00, 17:00 - 18:00'}",https://www.happycow.net/reviews/pizzi-dixie-madrid-92445
154,Secrets Chueca,"C. de la Libertad, 26,Madrid,Spain,28004",40.421900,-3.697278,1,4.0,"['International', 'Western', 'Mediterranean']",0,Moderado,No phone number,https://secretsbyfarga.com/,http://www.instagram.com/secretsbyfarga/,No facebook,"{'Monday': '09:30 - 23:30', 'Tuesday': '09:30 - 23:30', 'Wednesday': '09:30 - 23:30', 'Thursday': '09:30 - 23:30', 'Friday': '09:30 - 23:30', 'Saturday': '10:00 - 00:30', 'Sunday': '09:30 - 00:00'}",https://www.happycow.net/reviews/secrets-chueca-madrid-393835
155,La Rollerie - Atocha,"Calle de Atocha, 20,Madrid,Spain",40.413936,-3.703105,11,3.5,['European'],26,Barato,+34-914204675,http://larollerie.com/,No instagram,No facebook,"{'Monday': '08:00 - 22:30', 'Tuesday': '08:00 - 22:30', 'Wednesday': '08:00 - 22:30', 'Thursday': '08:00 - 22:30', 'Friday': '08:00 - 22:30', 'Saturday': '08:00 - 22:30', 'Sunday': '08:00 - 22:30'}",https://www.happycow.net/reviews/la-rollerie-madrid-70365
156,Coco Bar - Tirso de Molina,"Calle del Conde de Romanones, 3 (at  Generación X),Madrid,Spain,28012",40.413759,-3.704579,1,4.0,"['American', 'International']",10,Barato,+34-911593339,https://www.generacionx.es/inicio,http://www.instagram.com/GenXTirso,http://facebook.com/GenXTirso,"{'Monday': '10:30 - 20:30', 'Tuesday': '10:30 - 20:30', 'Wednesday': '10:30 - 20:30', 'Thursday': '10:30 - 21:00', 'Friday': '10:30 - 23:00', 'Saturday': '10:30 - 21:00', 'Sunday': '11:30 - 20:30'}",https://www.happycow.net/reviews/coco-bar-tirso-de-molina-madrid-329300
157,Le.cha - 乐茶,"23 Calle de Toledo,Madrid,Spain,28005",40.414059,-3.707373,1,5.0,[],3,No price range,+34-611050860,No website,No instagram,http://facebook.com/lecha,"{'Monday': '12:00 - 21:30', 'Tuesday': '12:00 - 21:30', 'Wednesday': '12:00 - 21:30', 'Thursday': '12:00 - 21:30', 'Friday': '12:00 - 21:30', 'Saturday': '12:00 - 21:30', 'Sunday': '12:00 - 21:30'}",https://www.happycow.net/reviews/le-cha-madrid-308442
158,Four ,"C. de Calderón de la Barca, 8, Centro,Madrid,Spain,28013",40.416017,-3.711153,1,4.0,['Spanish'],1,No price range,+34-622571608,https://fourmadrid.com/,http://www.instagram.com/four.madrid/?hl=en,No facebook,"{'Monday': '10:00 - 18:00', 'Tuesday': 'Closed', 'Wednesday': '10:00 - 18:00', 'Thursday': '10:00 - 18:00', 'Friday': '10:00 - 18:00', 'Saturday': '10:00 - 18:00', 'Sunday': '10:00 - 18:00'}",https://www.happycow.net/reviews/four-madrid-405304
159,Vegaviana,"Calle Pelayo, 35,Madrid,Spain",40.423410,-3.698080,20,3.5,"['Mediterranean', 'Spanish']",14,Moderado,+34-913080381,No website,No instagram,No facebook,"{'Monday': 'Closed', 'Tuesday': '13:30 - 16:00, 21:00 - 23:30', 'Wednesday': '13:30 - 16:00, 21:00 - 23:30', 'Thursday': '13:30 - 16:00, 21:00 - 23:30', 'Friday': '13:30 - 16:00, 21:00 - 00:00', 'Saturday': '13:30 - 16:00, 21:00 - 00:00', 'Sunday': '13:30 - 16:00'}",https://www.happycow.net/reviews/vegaviana-madrid-6038
160,Federal,"Plaza del Conde de Barajas,Madrid,Spain,28005",40.414406,-3.708725,10,3.5,"['European', 'Spanish']",24,Barato,+34-918526848,http://federalcafe.es/madrid-condedebarajas,No instagram,http://facebook.com/federalcafemadrid,"{'Monday': '09:00 - 00:00', 'Tuesday': '09:00 - 00:00', 'Wednesday': '09:00 - 00:00', 'Thursday': '09:00 - 00:00', 'Friday': '09:00 - 01:00', 'Saturday': '09:00 - 01:00', 'Sunday': '09:00 - 17:30'}",https://www.happycow.net/reviews/federal-madrid-152983
161,Barganzo,"Calle Colmenares, 13,Madrid,Spain,28004",40.421073,-3.696813,37,5.0,"['Mediterranean', 'Middle Eastern']",48,Moderado,+34-910443233,http://www.barganzo.es/,No instagram,No facebook,"{'Monday': '13:00 - 16:30, 20:00 - 23:00', 'Tuesday': '13:00 - 16:30, 20:00 - 23:00', 'Wednesday': '13:00 - 16:30, 20:00 - 23:00', 'Thursday': '13:00 - 16:30, 20:00 - 23:00', 'Friday': '13:00 - 16:30', 'Saturday': 'Closed', 'Sunday': '13:00 - 17:30, 20:00 - 23:00'}",https://www.happycow.net/reviews/barganzo-madrid-194084
162,Restaurant Sublime World,"C. de Concepción Jerónima, 28,Madrid,Spain,28012",40.413887,-3.707082,1,3.0,['American'],6,Moderado,+34-919417153,https://www.sublimeworldrestaurant.com/,http://www.instagram.com/restaurantsublimeworld,http://facebook.com/restaurantsublimeworld,"{'Monday': '13:00 - 16:00, 20:00 - 00:00', 'Tuesday': 'Closed', 'Wednesday': '13:00 - 16:00, 20:00 - 00:00', 'Thursday': '13:00 - 16:00, 20:00 - 00:00', 'Friday': '13:00 - 17:00, 20:00 - 00:30', 'Saturday': '13:00 - 17:00, 19:30 - 01:00', 'Sunday': '13:00 - 17:00, 19:30 - 00:00'}",https://www.happycow.net/reviews/restaurant-sublime-world-madrid-283205
163,Sr Ceviche,"Calle San Mateo 6,Madrid,Spain,28003",40.425048,-3.700118,1,4.0,['Latin'],2,Moderado,+34-625419596,http://srceviche.es/,http://www.instagram.com/srcevichespain,http://facebook.com/srcevichebarcelona,"{'Monday': '14:00 - 17:00, 20:00 - 23:00', 'Tuesday': '14:00 - 17:00, 20:00 - 23:00', 'Wednesday': '14:00 - 17:00, 20:00 - 23:00', 'Thursday': '14:00 - 17:00, 20:00 - 23:00', 'Friday': '14:00 - 03:00', 'Saturday': '14:00 - 03:00', 'Sunday': '14:00 - 23:00'}",https://www.happycow.net/reviews/sr-ceviche-madrid-342940
164,Labonata Heladeria ,"8 Plaza de Chueca,Madrid,Spain,28004",40.422680,-3.697452,0,0,['Italian'],1,No price range,No phone number,https://www.labonata.com/,http://www.instagram.com/heladeria_labonata,http://facebook.com/labonata,"{'Monday': '14:00 - 23:00', 'Tuesday': '14:00 - 23:00', 'Wednesday': '14:00 - 23:00', 'Thursday': '14:00 - 23:00', 'Friday': '14:00 - 23:00', 'Saturday': '13:00 - 00:00', 'Sunday': '13:00 - 23:00'}",https://www.happycow.net/reviews/labonata-heladeria-madrid-346469
165,Noburu,"C. del Dos de Mayo, 9,Madrid,Spain,28004",40.426223,-3.704244,2,4.5,['Spanish'],2,No price range,+34-650600549,No website,http://www.instagram.com/noburucafe,http://facebook.com/p/Noburu-Cafe-100083258106367/,"{'Monday': '08:00 - 19:00', 'Tuesday': '08:00 - 16:00', 'Wednesday': '08:00 - 16:00', 'Thursday': '08:00 - 16:00', 'Friday': '08:00 - 16:00', 'Saturday': '09:00 - 17:00', 'Sunday': '10:00 - 17:00'}",https://www.happycow.net/reviews/noburu-madrid-409775
166,Ramen Shifu - Calle de Toledo,"Calle de Toledo, 24,Madrid,Spain,28005",40.413922,-3.707600,16,4.0,"['Japanese', 'Asian']",56,Moderado,+34-910581854,http://ramenshifu.com/,http://www.instagram.com/ramenshifu,http://facebook.com/RamenShifu,"{'Monday': 'Closed', 'Tuesday': '13:00 - 16:30, 20:00 - 23:30', 'Wednesday': '13:00 - 16:30, 20:00 - 23:30', 'Thursday': '13:00 - 16:30, 20:00 - 23:30', 'Friday': '13:00 - 16:30, 20:00 - 00:00', 'Saturday': '13:00 - 16:30, 20:00 - 00:00', 'Sunday': '13:00 - 16:30, 20:00 - 23:30'}",https://www.happycow.net/reviews/ramen-shifu-madrid-194673
167,Cafestic,"Calle de Cuchilleros, 19,Madrid,Spain,28005",40.413983,-3.708039,1,4.0,"['Western', 'Spanish']",0,Moderado,No phone number,No website,No instagram,http://facebook.com/p/Cafestic-100063888978853,"{'Monday': '08:30 - 01:00', 'Tuesday': '08:30 - 01:00', 'Wednesday': '08:30 - 01:00', 'Thursday': '08:30 - 01:00', 'Friday': '08:30 - 01:00', 'Saturday': '08:30 - 01:00', 'Sunday': '08:30 - 01:00'}",https://www.happycow.net/reviews/cafestic-madrid-381185
168,Brutal Burrito,"Calle de San Bernardo, 64,Madrid,Spain,28015",40.426189,-3.706818,2,3.5,"['American', 'Mexican']",3,Moderado,+34-629879429,https://www.brutalburrito.com/,http://www.instagram.com/brutal_burrito,No facebook,"{'Monday': '17:00 - 22:30', 'Tuesday': '17:00 - 22:30', 'Wednesday': '17:00 - 22:30', 'Thursday': '17:00 - 22:30', 'Friday': '17:00 - 22:30', 'Saturday': '17:00 - 22:30', 'Sunday': '17:00 - 22:30'}",https://www.happycow.net/reviews/brutal-burrito-madrid-367715
169,Carmencita Brunch,"C. de San Vicente Ferrer, 57, Centro,Madrid,Spain,28015",40.425938,-3.707937,2,4.0,"['Western', 'Mexican']",4,Moderado,+34-910003890,https://carmencitabrunch.es/,http://www.instagram.com/carmencita.brunch,No facebook,"{'Monday': '09:00 - 16:30', 'Tuesday': '09:00 - 16:30', 'Wednesday': '09:00 - 16:30', 'Thursday': '09:00 - 16:30', 'Friday': '09:00 - 16:30', 'Saturday': '09:00 - 16:30', 'Sunday': '09:00 - 16:30'}",https://www.happycow.net/reviews/carmencita-brunch-madrid-399834
170,Brunchit - Malasaña,"12 Calle del Noviciado,Madrid,Spain,28015",40.425713,-3.708606,7,3.5,['International'],12,Caro,+34-911089446,https://www.brunchit.es/,http://www.instagram.com/brunchit.es,http://facebook.com/Brunchitspain,"{'Monday': '09:00 - 16:00', 'Tuesday': '09:00 - 16:00', 'Wednesday': '09:00 - 16:00', 'Thursday': '09:00 - 16:00', 'Friday': '09:00 - 16:00', 'Saturday': '09:00 - 16:00', 'Sunday': '09:00 - 16:00'}",https://www.happycow.net/reviews/brunchit-malasana-madrid-309892
171,El Arco Pinoy,"C de las Huertas, 7,Madrid,Spain,28012",40.414109,-3.701068,7,4.0,['Asian'],35,Moderado,+34-917568914,https://tabernaelarco.negocio.site/,http://www.instagram.com/elarcopinoymadrid,http://facebook.com/profile.php?id=100011242128305,"{'Monday': '13:00 - 16:30, 19:00 - 23:30', 'Tuesday': '13:00 - 16:30, 19:00 - 23:30', 'Wednesday': '13:00 - 16:30, 19:00 - 23:30', 'Thursday': '13:00 - 16:30, 19:00 - 23:30', 'Friday': '13:00 - 16:30, 19:00 - 23:30', 'Saturday': '13:00 - 23:30', 'Sunday': '13:00 - 23:30'}",https://www.happycow.net/reviews/el-arco-pinoy-madrid-267668
172,Falafeleria - La Latina,"Calle de Toledo 28, Centro,Madrid,Spain,28005",40.413757,-3.707578,2,5.0,"['Mediterranean', 'Middle Eastern']",8,Barato,No phone number,https://www.falafeleria.es/,http://www.instagram.com/falafeleria_madrid,http://facebook.com/falafeleria,"{'Monday': '13:00 - 23:00', 'Tuesday': '13:00 - 23:00', 'Wednesday': '13:00 - 23:00', 'Thursday': '13:00 - 23:00', 'Friday': '13:00 - 23:30', 'Saturday': '13:00 - 23:30', 'Sunday': '13:00 - 23:00'}",https://www.happycow.net/reviews/falafeleria-madrid-410144
173,Antonia Pizza,"Calle del Dos de Mayo, 10,Madrid,Spain,28004",40.426435,-3.704096,5,2.5,"['American', 'Italian', 'Spanish']",6,Moderado,+34-911661315,No website,No instagram,http://facebook.com/Antoniapizza.es,"{'Monday': '18:00 - 00:00', 'Tuesday': '18:00 - 00:00', 'Wednesday': '18:00 - 00:00', 'Thursday': '18:00 - 00:00', 'Friday': '13:00 - 01:00', 'Saturday': '13:00 - 01:00', 'Sunday': '13:00 - 00:00'}",https://www.happycow.net/reviews/antonia-pizza-madrid-182124
174,Miss Sushi - Santa Ana,"C del Prado, 2,Madrid,Spain,28012",40.414535,-3.700013,4,3.5,"['Japanese', 'Asian', 'Fusion']",6,Moderado,+34-910100811,http://www.misssushi.es/,http://www.instagram.com/misssushioficial,http://facebook.com/MissSushiFreshAndChic,"{'Monday': '13:00 - 00:00', 'Tuesday': '13:00 - 00:00', 'Wednesday': '13:00 - 00:00', 'Thursday': '13:00 - 00:00', 'Friday': '13:00 - 00:00', 'Saturday': '13:00 - 00:00', 'Sunday': '13:00 - 00:00'}",https://www.happycow.net/reviews/miss-sushi-madrid-368969
175,Sweet Studio,"Nº16, Calle del Noviciado,Madrid,Spain,28015",40.425714,-3.708864,3,3.5,"['Japanese', 'Western', 'European']",2,Moderado,+34-919204967,http://www.sweetstudio-cafe.com/,No instagram,No facebook,"{'Monday': '09:00 - 20:00', 'Tuesday': 'Closed', 'Wednesday': '09:00 - 20:00', 'Thursday': '09:00 - 20:00', 'Friday': '09:00 - 20:00', 'Saturday': '09:00 - 20:00', 'Sunday': '09:00 - 20:00'}",https://www.happycow.net/reviews/sweet-studio-madrid-292089
176,Toma Café 1,"Calle de la Palma, 49,Madrid,Spain,28004",40.426433,-3.705853,5,4.0,[],10,No price range,+34-917049344,http://tomacafe.es/,No instagram,No facebook,"{'Monday': '08:00 - 20:00', 'Tuesday': '08:00 - 20:00', 'Wednesday': '08:00 - 20:00', 'Thursday': '08:00 - 20:00', 'Friday': '08:00 - 20:00', 'Saturday': '09:00 - 20:00', 'Sunday': '09:00 - 20:00'}",https://www.happycow.net/reviews/toma-cafe-1-madrid-233744
177,GRACIANA Empanadas Argentinas,"9 Calle del Noviciado,Madrid,Spain,28015",40.425673,-3.709069,7,4.0,[],10,No price range,+34-916171272,https://www.graciana.es/,http://www.instagram.com/gracianaempanadasargentinas,http://facebook.com/gracianaempanadasargentinas,"{'Monday': '12:00 - 23:00', 'Tuesday': '12:00 - 23:00', 'Wednesday': '12:00 - 23:00', 'Thursday': '12:00 - 23:00', 'Friday': '12:00 - 23:00', 'Saturday': '12:00 - 23:00', 'Sunday': '12:00 - 23:00'}",https://www.happycow.net/reviews/graciana-empanadas-argentinas-madrid-293880
178,Xiongzai,"Calle San Leonardo, 3,Madrid,Spain,28015",40.424842,-3.710710,18,3.5,"['Chinese', 'Asian']",48,Barato,+34-914669808,No website,No instagram,No facebook,"{'Monday': 'Closed', 'Tuesday': '12:30 - 23:30', 'Wednesday': '12:30 - 23:30', 'Thursday': '12:30 - 23:30', 'Friday': '12:30 - 23:30', 'Saturday': '12:30 - 23:30', 'Sunday': '12:30 - 23:00'}",https://www.happycow.net/reviews/xiongzai-madrid-112789
179,Masamune,"C. de la Palma, 2, Centro,Madrid,Spain,28004",40.426078,-3.701305,2,4.5,[],2,No price range,No phone number,https://www.masamunecoffee.com/,No instagram,No facebook,"{'Monday': 'Closed', 'Tuesday': '08:30 - 20:00', 'Wednesday': '08:30 - 20:00', 'Thursday': '08:30 - 20:00', 'Friday': '08:30 - 20:00', 'Saturday': '09:30 - 20:00', 'Sunday': '09:30 - 20:00'}",https://www.happycow.net/reviews/masamune-madrid-397660
180,Distrito Vegano Invernadero,"Calle Conde De Romanones, 10,Madrid,Spain,28012",40.413113,-3.705046,150,4.5,"['International', 'European', 'Spanish']",351,Moderado,+34-912108273,https://www.distritovegano.com/,http://www.instagram.com/distritovegano,http://facebook.com/Distritoveganomadrid,"{'Monday': 'Closed', 'Tuesday': '11:00 - 00:00', 'Wednesday': '11:00 - 00:00', 'Thursday': '11:00 - 00:00', 'Friday': '11:00 - 01:00', 'Saturday': '10:00 - 01:00', 'Sunday': '10:00 - 18:00'}",https://www.happycow.net/reviews/distrito-vegano-invernadero-madrid-284035
181,Natura,"Calle Jovellanos, 6,Madrid,Spain,28014",40.416957,-3.696825,4,4.0,"['Italian', 'Mediterranean']",7,Moderado,+34-919223375,https://www.pizzanatura.es/,http://www.instagram.com/pizzanaturaa,http://facebook.com/Pizzanaturaaa,"{'Monday': '13:00 - 17:00, 20:00 - 00:00', 'Tuesday': '13:00 - 17:00, 20:00 - 00:00', 'Wednesday': '13:00 - 17:00, 20:00 - 00:00', 'Thursday': '13:00 - 17:00, 20:00 - 00:00', 'Friday': '13:00 - 17:00, 20:00 - 00:00', 'Saturday': '13:00 - 17:00, 20:00 - 00:00', 'Sunday': '13:00 - 17:00, 20:00 - 00:00'}",https://www.happycow.net/reviews/natura-madrid-284735
182,Con 2 Fogones,"C. de San Bernardino, 9,Madrid,Spain,28015",40.425233,-3.710675,0,0,"['International', 'Spanish']",2,Moderado,+34-915596326,http://www.condosfogones.com/,http://www.instagram.com/con2fogones,http://facebook.com/condosfogones/,"{'Monday': '13:00 - 17:00, 20:00 - 00:00', 'Tuesday': '13:00 - 17:00, 20:00 - 00:00', 'Wednesday': '13:00 - 17:00, 20:00 - 00:00', 'Thursday': '13:00 - 17:00, 20:00 - 00:00', 'Friday': '13:00 - 17:00, 20:00 - 00:00', 'Saturday': '13:00 - 17:00, 20:00 - 01:00', 'Sunday': '13:00 - 17:00'}",https://www.happycow.net/reviews/con-2-fogones-madrid-410568
183,Smok Mok - Food Stall,"Calle del Dr Cortezo, 10,Madrid,Spain,28012",40.413028,-3.703927,6,3.5,['Asian'],13,Moderado,+34-914213575,https://smokmok.es/,http://www.instagram.com/smokmokfood,http://facebook.com/info@smokmok.es,"{'Monday': '13:00 - 00:00', 'Tuesday': '13:00 - 00:00', 'Wednesday': '13:00 - 00:00', 'Thursday': '13:00 - 00:00', 'Friday': '13:00 - 00:30', 'Saturday': '13:00 - 00:30', 'Sunday': '13:00 - 00:00'}",https://www.happycow.net/reviews/smok-mok-madrid-301792
184,VegAmazing Doughnuts - Tirso de Molina,"Calle del Conde de Romanones, 14,Madrid,Spain,28012",40.412990,-3.705299,46,5.0,[],74,No price range,+34-655490879,No website,http://www.instagram.com/vegamazing_doughnuts,http://facebook.com/people/VegAmazing-Doughnuts/100044190078860,"{'Monday': 'Closed', 'Tuesday': 'Closed', 'Wednesday': '10:00 - 14:00, 16:00 - 20:00', 'Thursday': '10:00 - 14:00, 16:00 - 20:00', 'Friday': '10:00 - 14:00, 16:00 - 20:00', 'Saturday': '10:00 - 20:00', 'Sunday': '10:00 - 20:00'}",https://www.happycow.net/reviews/vegamazing-doughnuts-madrid-324338
185,Faborit,"2 Calle Princesa,Madrid,Spain,28008",40.424567,-3.711610,8,4.0,[],5,No price range,+34-918626313,https://www.faborit.com/establecimientos-faborit/faborit-plaza-de-espana,http://www.instagram.com/faborit,http://facebook.com/faboritcoffee,"{'Monday': '08:00 - 19:00', 'Tuesday': '08:00 - 19:00', 'Wednesday': '08:00 - 19:00', 'Thursday': '08:00 - 19:00', 'Friday': '08:00 - 20:00', 'Saturday': '09:00 - 20:00', 'Sunday': '09:00 - 20:00'}",https://www.happycow.net/reviews/faborit-madrid-265976
186,Lalina Bravas y Tapas Chueca,"Calle de Gravina 18,Madrid,Spain,28004",40.422621,-3.696478,0,0,['Spanish'],1,Moderado,+34-910254247,https://restaurantelalina.com/,http://www.instagram.com/lalina_restaurante/,http://facebook.com/LaLinaGastrobar/,"{'Monday': '13:00 - 00:00', 'Tuesday': '13:00 - 00:00', 'Wednesday': '13:00 - 00:00', 'Thursday': '13:00 - 01:00', 'Friday': '13:00 - 02:30', 'Saturday': '13:00 - 02:30', 'Sunday': '13:00 - 00:00'}",https://www.happycow.net/reviews/lalina-bravas-y-tapas-chueca-gluten-free-madrid-415121
187,Lamucca de Prado,"C. del Prado, 16,Madrid,Spain,28014",40.414759,-3.698674,4,3.0,"['American', 'International', 'Mediterranean', 'Spanish']",8,Moderado,+34-915210000,https://www.lamuccacompany.com/lamucca-de-prado,http://www.instagram.com/lamucca,http://facebook.com/GrupoLamuccaCompany,"{'Monday': '13:00 - 01:30', 'Tuesday': '13:00 - 01:30', 'Wednesday': '13:00 - 01:30', 'Thursday': '13:00 - 02:00', 'Friday': '13:00 - 02:30', 'Saturday': '13:00 - 02:30', 'Sunday': '13:00 - 01:30'}",https://www.happycow.net/reviews/lamucca-de-prado-madrid-316792
188,Guasa,"Calle de San Lorenzo, 9,Madrid,Spain,28004",40.425278,-3.698956,4,4.0,['Spanish'],32,Barato,+34-910098265,https://www.guasagroup.com/guasa-madrid/,No instagram,http://facebook.com/GuasaMad,"{'Monday': 'Closed', 'Tuesday': 'Closed', 'Wednesday': '13:00 - 16:00, 19:00 - 21:00', 'Thursday': '13:00 - 16:00, 19:00 - 21:00', 'Friday': '13:00 - 16:00, 19:00 - 21:00', 'Saturday': '13:00 - 21:00', 'Sunday': '13:00 - 21:00'}",https://www.happycow.net/reviews/guasa-madrid-215380
189,Mamuka ,"Tr.ª del Conde Duque, 5, Local,Madrid,Spain,28015",40.425810,-3.709918,3,3.0,"['Caribbean', 'French']",1,Barato,+34-919121131,http://www.mamukacafe.com/,http://www.instagram.com/mamukacafe,http://facebook.com/Mamukacafe,"{'Monday': 'Closed', 'Tuesday': 'Closed', 'Wednesday': '10:00 - 16:00', 'Thursday': '10:00 - 16:00, 19:00 - 23:00', 'Friday': '10:00 - 00:00', 'Saturday': '10:00 - 00:00', 'Sunday': '10:00 - 16:00'}",https://www.happycow.net/reviews/mamuka-madrid-376273
190,Bodegas Rivas,"C. de la Palma, 61, Centro,Madrid,Spain,28015",40.426639,-3.707638,2,4.0,"['Western', 'Mexican', 'Spanish']",4,Moderado,+34-914217954,https://bodegasrivasmadrid.es/en,http://www.instagram.com/bodegasrivasmadrid,http://facebook.com/BodegasRivas,"{'Monday': '10:00 - 00:00', 'Tuesday': '10:00 - 00:00', 'Wednesday': '10:00 - 00:00', 'Thursday': '10:00 - 00:00', 'Friday': '10:00 - 02:00', 'Saturday': '10:00 - 02:00', 'Sunday': '10:00 - 00:00'}",https://www.happycow.net/reviews/bodegas-rivas-madrid-378164
191,Dellicare Cafe,"Calle Pelayo 45,Madrid,Spain,28004",40.424276,-3.697511,2,3.5,['Western'],10,Moderado,+34-910235759,http://www.dellicare.com/,No instagram,http://facebook.com/dellicare,"{'Monday': 'Closed', 'Tuesday': '10:30 - 20:30', 'Wednesday': '10:30 - 20:30', 'Thursday': '10:30 - 20:30', 'Friday': '10:30 - 20:30', 'Saturday': '12:00 - 20:30', 'Sunday': 'Closed'}",https://www.happycow.net/reviews/dellicare-madrid-58696
192,EL INCA,"C. de Gravina, 23,Madrid,Spain,28004",40.422682,-3.696212,1,4.0,['Latin'],0,Moderado,+34-915327745,http://www.elinca.es/,http://www.instagram.com/elincamadrid,http://facebook.com/elincamadrid/,"{'Monday': '13:00 - 17:00', 'Tuesday': '13:00 - 17:00', 'Wednesday': '13:00 - 17:00', 'Thursday': '13:00 - 17:00, 20:00 - 00:00', 'Friday': '13:00 - 17:00, 20:00 - 00:00', 'Saturday': '13:00 - 17:00, 20:00 - 00:00', 'Sunday': 'Closed'}",https://www.happycow.net/reviews/el-inca-madrid-409690
193,Ninja Ramen,"Calle de Barcelo, 1,Madrid,Spain,28004",40.426474,-3.700983,2,4.0,['Japanese'],5,Moderado,+34-914939993,https://ninjaramen.es/,No instagram,http://facebook.com/ninjaramen1,"{'Monday': '12:30 - 16:30, 19:30 - 00:00', 'Tuesday': '12:30 - 16:30, 19:30 - 00:00', 'Wednesday': '12:30 - 16:30, 19:30 - 00:00', 'Thursday': '12:30 - 16:30, 19:30 - 00:00', 'Friday': '12:30 - 16:30, 19:30 - 00:00', 'Saturday': '12:30 - 16:30, 19:30 - 00:00', 'Sunday': '12:30 - 16:30, 19:30 - 00:00'}",https://www.happycow.net/reviews/ninja-ramen-madrid-257959
194,Gonder,"Grafal, 8,Madrid,Spain,28005",40.413177,-3.708194,6,4.0,"['Middle Eastern', 'African']",32,Moderado,+34-917047250,https://www.gonder.es/,No instagram,http://facebook.com/restaurantegonder,"{'Monday': 'Closed', 'Tuesday': '12:00 - 00:00', 'Wednesday': '12:00 - 00:00', 'Thursday': '12:00 - 00:00', 'Friday': '12:00 - 00:00', 'Saturday': '12:00 - 00:00', 'Sunday': '12:00 - 00:00'}",https://www.happycow.net/reviews/gonder-madrid-219595
195,Oakberry,"Calle de Fuencarral, 80,Madrid,Spain,28004",40.426572,-3.701194,1,4.0,"['International', 'Brazilian']",3,No price range,+34-661426222,https://oakberry.com/,http://www.instagram.com/oakberryes,http://facebook.com/oakberryacai,"{'Monday': '10:00 - 21:30', 'Tuesday': '09:30 - 21:30', 'Wednesday': '09:30 - 21:30', 'Thursday': '09:30 - 21:30', 'Friday': '09:30 - 21:30', 'Saturday': '09:30 - 21:30', 'Sunday': '10:00 - 21:30'}",https://www.happycow.net/reviews/oakberry-madrid-298937
196,Sra. Smith,"C. del Barquillo, 10,Madrid,Spain,28004",40.420503,-3.695450,1,3.0,"['Mediterranean', 'Spanish']",1,Moderado,+34-915240317,https://www.srasmithrestaurante.com/,http://www.instagram.com/sra.smith.restaurante,No facebook,"{'Monday': '09:00 - 17:00', 'Tuesday': '09:00 - 17:00', 'Wednesday': '09:00 - 23:30', 'Thursday': '09:00 - 00:00', 'Friday': '09:00 - 00:00', 'Saturday': '12:00 - 00:00', 'Sunday': '12:00 - 23:30'}",https://www.happycow.net/reviews/sra-smith-madrid-401253
197,Honest Greens - Hortaleza,"Calle de Hortaleza, 100,Madrid,Spain,28004",40.424824,-3.697831,39,4.0,"['International', 'European']",58,Moderado,+34-910743585,https://honestgreens.com/,http://www.instagram.com/honestgreens,http://facebook.com/honest-greens-1819605338157596,"{'Monday': '08:30 - 23:00', 'Tuesday': '08:30 - 23:00', 'Wednesday': '08:30 - 23:00', 'Thursday': '08:30 - 23:00', 'Friday': '08:30 - 00:00', 'Saturday': '09:30 - 00:00', 'Sunday': '09:30 - 23:00'}",https://www.happycow.net/reviews/honest-greens-madrid-127458
198,Las Mañanitas,"Calle de Fuencarral, 82,Madrid,Spain,28004",40.426688,-3.701340,1,4.0,['Mexican'],0,Caro,+34-915224589,http://www.mananitas.com/,No instagram,http://facebook.com/MananitasMadrid,"{'Monday': '13:00 - 16:00, 21:00 - 00:00', 'Tuesday': '13:00 - 16:00, 21:00 - 00:00', 'Wednesday': '13:00 - 16:00, 21:00 - 00:00', 'Thursday': '13:00 - 16:00, 21:00 - 00:00', 'Friday': '13:00 - 16:00, 20:00 - 00:00', 'Saturday': '13:00 - 16:00, 20:00 - 00:00', 'Sunday': '13:00 - 16:00'}",https://www.happycow.net/reviews/las-mananitas-madrid-106859
199,Amazonia Acai - Malasaña,"Calle de Amaniel, 20,Madrid,Spain,28015",40.426416,-3.709263,3,5.0,"['Western', 'Brazilian']",9,No price range,+34-910257194,https://cdn.me-qr.com/pdf/1138521.pdf,No instagram,http://facebook.com/amazonacaies,"{'Monday': '10:00 - 14:00, 17:00 - 21:30', 'Tuesday': 'Closed', 'Wednesday': '10:00 - 14:00, 17:00 - 21:30', 'Thursday': '10:00 - 14:00, 17:00 - 21:30', 'Friday': '10:00 - 14:00, 17:00 - 21:30', 'Saturday': '10:00 - 21:30', 'Sunday': '10:00 - 21:30'}",https://www.happycow.net/reviews/amazonia-acai-madrid-260742
200,Celicioso Barquillo,"Calle del Barquillo, 19,Madrid,Spain,28004",40.422139,-3.695701,12,3.5,[],19,No price range,+34-915322899,http://www.celicioso.es/,No instagram,http://facebook.com/Celicioso,"{'Monday': '09:00 - 22:00', 'Tuesday': '09:00 - 22:00', 'Wednesday': '09:00 - 22:00', 'Thursday': '09:00 - 22:00', 'Friday': '09:00 - 22:00', 'Saturday': '09:00 - 22:00', 'Sunday': '09:00 - 22:00'}",https://www.happycow.net/reviews/celicioso-barquillo-madrid-108302
201,La Huerta de Almería - Hortaleza,"C/ de Hortaleza, 73,Madrid,Spain,28004",40.425029,-3.697930,4,4.0,"['International', 'Mediterranean']",4,Moderado,+34-910255989,https://huertadealmeria.com/,No instagram,No facebook,"{'Monday': '10:00 - 23:00', 'Tuesday': '10:00 - 23:00', 'Wednesday': '10:00 - 23:00', 'Thursday': '10:00 - 23:00', 'Friday': '10:00 - 23:00', 'Saturday': '10:00 - 23:00', 'Sunday': '09:00 - 23:00'}",https://www.happycow.net/reviews/la-huerta-de-almeria-madrid-341977
202,Juicy Avenue - Fuencarral,"93 Calle de Fuencarral,Madrid,Spain,28004",40.426896,-3.701734,4,2.5,"['International', 'Western']",4,Moderado,+34-910944403,https://www.juicyavenue.es/,http://www.instagram.com/juicyavenue_es,http://facebook.com/ilovejuicyavenue,"{'Monday': '07:30 - 23:30', 'Tuesday': '07:30 - 23:30', 'Wednesday': '07:30 - 23:30', 'Thursday': '07:30 - 23:30', 'Friday': '07:30 - 00:00', 'Saturday': '07:30 - 00:00', 'Sunday': '07:30 - 00:00'}",https://www.happycow.net/reviews/juicy-avenue-madrid-286909
203,Zuppa,"Calle Atocha, 47,Madrid,Spain",40.413298,-3.700621,7,3.5,"['Fusion', 'Spanish']",14,Moderado,No phone number,http://www.zuppa.es/,No instagram,No facebook,"{'Monday': '12:00 - 23:00', 'Tuesday': '12:00 - 23:00', 'Wednesday': '12:00 - 23:00', 'Thursday': '12:00 - 23:00', 'Friday': '12:00 - 23:00', 'Saturday': '12:00 - 23:00', 'Sunday': 'Closed'}",https://www.happycow.net/reviews/zuppa-madrid-209406
204,Dale Café ,"C. de los Relatores, 22,Madrid,Spain,28012",40.412609,-3.703515,23,5.0,"['International', 'Mediterranean', 'European', 'Spanish']",42,No price range,No phone number,No website,http://www.instagram.com/dalecafemadrid,No facebook,"{'Monday': '09:00 - 20:00', 'Tuesday': '09:00 - 20:00', 'Wednesday': '09:00 - 20:00', 'Thursday': '09:00 - 20:00', 'Friday': '09:00 - 20:00', 'Saturday': '09:00 - 20:00', 'Sunday': 'Closed'}",https://www.happycow.net/reviews/dale-cafe-madrid-354361
205,Lamucca de Plaza de España  ,"Pl. de España, 11, Moncloa - Aravaca,Madrid,Spain,28008",40.422266,-3.714091,0,0,"['International', 'Mediterranean', 'European']",1,Moderado,+34-915210000,https://lamuccacompany.es/lamucca-de-plaza-espana,http://www.instagram.com/lamucca,http://facebook.com/GrupoLamuccaCompany,"{'Monday': '10:00 - 01:30', 'Tuesday': '10:00 - 01:30', 'Wednesday': '10:00 - 01:30', 'Thursday': '10:00 - 01:30', 'Friday': '10:00 - 02:30', 'Saturday': '10:00 - 02:30', 'Sunday': '10:00 - 01:30'}",https://www.happycow.net/reviews/lamucca-de-plaza-de-espana-madrid-396604
206,Empanadas Las Muns - Tribunal,"88 Calle de Fuencarral,Madrid,Spain,28004",40.426948,-3.701297,0,0,"['International', 'Spanish']",3,Moderado,+34-663868656,https://lasmuns.com/,http://www.instagram.com/lasmuns,No facebook,"{'Monday': '08:30 - 22:00', 'Tuesday': '08:30 - 22:00', 'Wednesday': '08:30 - 22:00', 'Thursday': '08:30 - 22:00', 'Friday': '08:30 - 06:00', 'Saturday': '10:30 - 06:00', 'Sunday': '10:30 - 22:00'}",https://www.happycow.net/reviews/empanadas-las-muns-tribunal-madrid-338261
207,Honest Greens - Fuencarral,"Calle de Fuencarral 95,Madrid,Spain,28004",40.427073,-3.701712,16,4.0,"['International', 'European']",13,Moderado,+34-931227664,https://honestgreens.com/,http://www.instagram.com/honestgreens,http://facebook.com/honestgreens.spain,"{'Monday': '08:30 - 23:00', 'Tuesday': '08:30 - 23:00', 'Wednesday': '08:30 - 23:00', 'Thursday': '08:30 - 23:00', 'Friday': '08:30 - 00:00', 'Saturday': '09:30 - 00:00', 'Sunday': '09:30 - 23:00'}",https://www.happycow.net/reviews/honest-greens-madrid-329495
208,Lamucca de Fuencarral ,"Calle de Fuencarral, 95,Madrid,Spain,28004",40.427073,-3.701712,4,3.0,"['American', 'International', 'European', 'Spanish']",0,Moderado,+34-915210000,https://www.lamuccacompany.com/lamucca-de-fuencarral,No instagram,http://facebook.com/GrupoLamuccaCompany,"{'Monday': '11:00 - 01:30', 'Tuesday': '11:00 - 01:30', 'Wednesday': '11:00 - 01:30', 'Thursday': '11:00 - 02:00', 'Friday': '11:00 - 02:30', 'Saturday': '10:00 - 02:30', 'Sunday': '10:00 - 01:30'}",https://www.happycow.net/reviews/lamucca-de-fuencarral-madrid-298289
209,Mala Mujer,"Calle de la Palma, 72,Madrid,Spain,28015",40.426856,-3.708780,0,0,[],0,Moderado,+34-639132498,No website,No instagram,http://facebook.com/profile.php?id=100076123464060,"{'Monday': '13:00 - 17:00, 19:00 - 00:00', 'Tuesday': '13:00 - 17:00, 19:00 - 00:00', 'Wednesday': '13:00 - 17:00, 19:00 - 00:00', 'Thursday': '13:00 - 17:00, 19:00 - 00:00', 'Friday': '13:00 - 17:00, 19:00 - 00:00', 'Saturday': '12:00 - 17:00, 19:00 - 00:00', 'Sunday': '12:00 - 14:30'}",https://www.happycow.net/reviews/mala-mujer-madrid-386768
210,Ay! Rosa,"Calle de León, 16,Madrid,Spain,28014",40.413832,-3.698997,7,3.5,['Mexican'],22,Moderado,+34-914203068,http://www.rosanegrarestaurantes.com/,No instagram,http://facebook.com/rosanegramadrid,"{'Monday': '19:00 - 00:00', 'Tuesday': '19:00 - 00:00', 'Wednesday': '19:00 - 00:00', 'Thursday': '19:00 - 00:00', 'Friday': '13:00 - 00:00', 'Saturday': '13:00 - 00:00', 'Sunday': '13:00 - 00:00'}",https://www.happycow.net/reviews/ay-rosa-madrid-236098
211,Colorado Cantina Express,"Martín de los heros. 4,Madrid,Spain,28008",40.424110,-3.713109,7,3.0,['Mexican'],4,Moderado,+34-625536840,No website,No instagram,http://facebook.com/ElColoradoExpress,"{'Monday': '18:00 - 01:30', 'Tuesday': '18:00 - 01:30', 'Wednesday': '18:00 - 01:30', 'Thursday': '18:00 - 01:30', 'Friday': '18:00 - 01:30', 'Saturday': '18:00 - 01:30', 'Sunday': '18:00 - 01:30'}",https://www.happycow.net/reviews/colorado-cantina-express-madrid-128575
212,"Good Shit, Vegan Kebabs","Calle de San Bernardino 20, Centro,Madrid,Spain,28015",40.425700,-3.711392,5,3.5,"['Mediterranean', 'Middle Eastern']",8,Moderado,+34-623105076,https://goodshitvegan.com/,http://www.instagram.com/goodshitvegan,No facebook,"{'Monday': 'Closed', 'Tuesday': 'Closed', 'Wednesday': '19:00 - 23:00', 'Thursday': '19:00 - 23:00', 'Friday': '12:30 - 16:00, 19:00 - 23:00', 'Saturday': '12:30 - 16:00, 19:00 - 23:00', 'Sunday': '12:30 - 16:00, 19:00 - 23:00'}",https://www.happycow.net/reviews/good-shit-vegan-kebabs-madrid-426906
213,Brunchit - Las Letras,"Pl. de Matute, 5, Centro,Madrid,Spain,28012",40.413326,-3.699749,0,0,"['Western', 'European', 'Fusion']",2,Moderado,+34-911089446,https://www.brunchit.es/,http://www.instagram.com/brunchit.es,http://facebook.com/Brunchitspain,"{'Monday': '09:00 - 16:00', 'Tuesday': '09:00 - 16:00', 'Wednesday': '09:00 - 16:00', 'Thursday': '09:00 - 16:00', 'Friday': '09:00 - 16:00', 'Saturday': '09:00 - 16:00', 'Sunday': '09:00 - 16:00'}",https://www.happycow.net/reviews/brunchit-madrid-398183
214,Mune,"Calle Pelayo, 57,Madrid,Spain",40.424798,-3.697005,3,4.0,['Middle Eastern'],2,Moderado,+34-913952056,https://munemadrid.com/,No instagram,No facebook,"{'Monday': '13:30 - 17:00, 20:00 - 01:00', 'Tuesday': '13:30 - 17:00, 20:00 - 01:00', 'Wednesday': '13:30 - 17:00, 20:00 - 01:00', 'Thursday': '13:30 - 17:00, 20:00 - 01:00', 'Friday': '13:30 - 17:00, 20:00 - 01:00', 'Saturday': '13:30 - 17:00, 20:00 - 01:00', 'Sunday': '13:30 - 17:00, 20:00 - 01:00'}",https://www.happycow.net/reviews/mune-madrid-296227
215,Kirei Las Cortes,"Calle San Agustín, 3, Las Letras (at Doubletree by Hilton),Madrid,Spain,28014",40.415170,-3.696795,2,2.5,"['Japanese', 'Fusion']",5,Caro,+34-917371922,http://grupokabuki.com/es/restaurantes/kirei-las-cortes,No instagram,No facebook,"{'Monday': '13:00 - 16:00, 20:00 - 00:00', 'Tuesday': '13:00 - 16:00, 20:00 - 00:00', 'Wednesday': '13:00 - 16:00, 20:00 - 00:00', 'Thursday': '13:00 - 16:00, 20:00 - 00:00', 'Friday': '13:00 - 16:00, 20:00 - 00:00', 'Saturday': '13:00 - 16:00, 20:00 - 00:00', 'Sunday': '13:00 - 16:00, 20:00 - 00:00'}",https://www.happycow.net/reviews/kirei-las-cortes-madrid-110084
216,Il Limoncello,"Plaza de Tirso de Molina,Madrid,Spain,28012",40.412124,-3.704281,3,1.5,['Italian'],3,Moderado,+34-911276109,No website,No instagram,No facebook,"{'Monday': '13:00 - 00:00', 'Tuesday': '13:00 - 00:00', 'Wednesday': '13:00 - 00:00', 'Thursday': '13:00 - 00:00', 'Friday': '13:00 - 00:00', 'Saturday': '13:00 - 00:00', 'Sunday': '13:00 - 00:00'}",https://www.happycow.net/reviews/il-limoncello-madrid-280069
217,MadRolls - Cinnamon Rolls,"Bernardo Lopez Garcia Street 10,Madrid,Spain,28024",40.426884,-3.709595,5,3.5,[],2,No price range,+34-910060437,https://madrollscinnamonrolls.com/,http://www.instagram.com/madrolls_,http://facebook.com/tiendamadrolls,"{'Monday': '11:00 - 13:00, 15:00 - 21:00', 'Tuesday': '11:00 - 13:00, 15:00 - 21:00', 'Wednesday': '11:00 - 13:00, 15:00 - 21:00', 'Thursday': '11:00 - 13:00, 15:00 - 21:00', 'Friday': '09:00 - 22:00', 'Saturday': '09:00 - 22:00', 'Sunday': '09:00 - 22:00'}",https://www.happycow.net/reviews/madrolls-cinnamon-rolls-madrid-384660
218,Ambu Bakery,"5 Calle de Ruiz,Madrid,Spain,28004",40.427745,-3.704005,1,4.0,[],1,No price range,No phone number,https://www.ambu.coffee/,http://www.instagram.com/ambu_coffee,No facebook,"{'Monday': '09:00 - 17:00', 'Tuesday': '09:00 - 17:00', 'Wednesday': '09:00 - 17:00', 'Thursday': '09:00 - 17:00', 'Friday': '09:00 - 17:00', 'Saturday': '09:00 - 17:00', 'Sunday': '09:00 - 17:00'}",https://www.happycow.net/reviews/ambu-bakery-madrid-380699
219,Trendy & Green,"Apodaca 8,Madrid,Spain",40.427225,-3.701009,0,0,[],1,No price range,No phone number,https://trendyandgreen.es/,No instagram,http://facebook.com/TrendyandGreen,{'Horario': 'No hay horario'},https://www.happycow.net/reviews/trendy-and-green-madrid-233728
220,Café Federal,"Plaza de las Comendadoras, 9,Madrid,Spain,28015",40.427030,-3.709301,10,3.5,"['European', 'Spanish']",11,Barato,+34-915328424,http://federalcafe.es/madrid,No instagram,http://facebook.com/federalcafeofficial,"{'Monday': '09:00 - 00:00', 'Tuesday': '09:00 - 00:00', 'Wednesday': '09:00 - 00:00', 'Thursday': '09:00 - 00:00', 'Friday': '09:00 - 01:00', 'Saturday': '09:00 - 01:00', 'Sunday': '09:00 - 17:00'}",https://www.happycow.net/reviews/cafe-federal-madrid-180929
221,décimo B,"C. del Conde Duque, 8,Madrid,Spain,28015",40.426068,-3.711330,0,0,['Spanish'],2,Moderado,+34-910969387,http://www.decimob.es/,http://www.instagram.com/decimobcondeduque,http://facebook.com/thememountain,"{'Monday': 'Closed', 'Tuesday': '13:00 - 16:00, 20:00 - 23:00', 'Wednesday': '13:00 - 16:00, 20:00 - 23:00', 'Thursday': '13:00 - 16:00, 20:00 - 23:00', 'Friday': '13:00 - 16:00, 20:00 - 23:00', 'Saturday': '13:00 - 16:00, 20:00 - 23:00', 'Sunday': 'Closed'}",https://www.happycow.net/reviews/decimo-b-madrid-401255
222,Cora,"C. del Barquillo, 37,Madrid,Spain,28004",40.423576,-3.695617,4,4.0,[],2,No price range,No phone number,No website,http://www.instagram.com/cora.gelato,No facebook,"{'Monday': '09:00 - 21:00', 'Tuesday': '09:00 - 21:00', 'Wednesday': '09:00 - 21:00', 'Thursday': '09:00 - 21:00', 'Friday': '09:00 - 22:00', 'Saturday': '09:30 - 22:30', 'Sunday': '09:30 - 22:00'}",https://www.happycow.net/reviews/cora-madrid-363845
223,Sala Equis,"Calle del Duque de Alba, 4,Madrid,Spain,28012",40.411992,-3.705731,5,3.5,"['American', 'European', 'Spanish']",14,Moderado,+34-914296686,http://www.salaequis.es/,No instagram,http://facebook.com/salaequismadrid,"{'Monday': '12:00 - 01:00', 'Tuesday': '12:00 - 01:00', 'Wednesday': '12:00 - 01:00', 'Thursday': '12:00 - 01:00', 'Friday': '12:00 - 02:30', 'Saturday': '12:00 - 02:30', 'Sunday': '12:00 - 01:00'}",https://www.happycow.net/reviews/sala-equis-madrid-162036
224,Il Regno di Napoli Restaurant,"Calle de San Andres, 21 (at Manuela Malasana),Madrid,Spain,28004",40.427828,-3.703589,5,3.5,['Italian'],10,Moderado,+34-914456300,http://www.ilregnodinapoli.com/,No instagram,No facebook,"{'Monday': '13:30 - 16:00, 20:30 - 00:00', 'Tuesday': '13:30 - 16:00, 20:30 - 00:00', 'Wednesday': '13:30 - 16:00, 20:30 - 00:00', 'Thursday': '13:30 - 16:00, 20:30 - 00:00', 'Friday': '13:30 - 16:00, 20:30 - 00:00', 'Saturday': '13:30 - 16:00, 20:30 - 00:00', 'Sunday': '13:30 - 16:00'}",https://www.happycow.net/reviews/il-regno-di-napoli-restaurant-madrid-76791
225,Miss Sushi - Hortaleza,"Calle de Hortaleza, 108,Madrid,Spain,28004",40.425506,-3.697404,2,4.0,"['Japanese', 'Asian', 'Fusion']",1,Moderado,+34-912307151,https://misssushi.es/restaurantes/miss-sushi-hortaleza/,http://www.instagram.com/misssushioficial,http://facebook.com/MissSushiFreshAndChic,"{'Monday': '12:00 - 16:30, 19:30 - 00:00', 'Tuesday': '12:00 - 16:30, 19:30 - 00:00', 'Wednesday': '12:00 - 16:30, 19:30 - 00:00', 'Thursday': '12:00 - 16:30, 19:30 - 00:00', 'Friday': '12:00 - 16:30, 19:30 - 00:30', 'Saturday': '12:00 - 16:30, 19:30 - 00:30', 'Sunday': '12:00 - 16:30, 19:30 - 00:00'}",https://www.happycow.net/reviews/miss-sushi-madrid-367404
226,Moega,"26 Calle León,Madrid,Spain,28014",40.413196,-3.699225,3,3.5,['European'],11,No price range,+34-633133025,No website,http://www.instagram.com/moegapanaderia,http://facebook.com/MOEGAPANADERIA,"{'Monday': '10:00 - 15:00, 17:00 - 21:00', 'Tuesday': '10:00 - 15:00, 17:00 - 21:00', 'Wednesday': '10:00 - 15:00, 17:00 - 21:00', 'Thursday': '10:00 - 15:00, 17:00 - 21:00', 'Friday': '10:00 - 15:00, 17:00 - 21:00', 'Saturday': '10:00 - 15:00, 17:00 - 21:00', 'Sunday': 'Closed'}",https://www.happycow.net/reviews/moega-madrid-330100
227,Aroma and Bread,"Calle de Apodaca, 10,Madrid,Spain,28004",40.427252,-3.700607,1,5.0,['European'],0,No price range,+34-912306886,https://www.aromaandbread.com/,http://www.instagram.com/aromaandbread,http://facebook.com/aromaandbread,"{'Monday': '08:00 - 20:00', 'Tuesday': '08:00 - 20:00', 'Wednesday': '08:00 - 20:00', 'Thursday': '08:00 - 20:00', 'Friday': '08:00 - 20:00', 'Saturday': '09:00 - 20:00', 'Sunday': '09:00 - 20:00'}",https://www.happycow.net/reviews/aroma-and-bread-madrid-405384
228,MÜR Café,"Pl. de Cristino Martos, 2,Madrid,Spain,28015",40.425690,-3.712170,0,0,"['Mediterranean', 'British', 'Fusion', 'Middle Eastern', 'Spanish']",0,Moderado,+34-911399809,https://www.murcafe.com/,http://www.instagram.com/murcafe,http://facebook.com/MurCafe,"{'Monday': 'Closed', 'Tuesday': 'Closed', 'Wednesday': '10:00 - 22:00', 'Thursday': '10:00 - 22:00', 'Friday': '10:00 - 22:00', 'Saturday': '10:00 - 22:00', 'Sunday': '10:00 - 21:00'}",https://www.happycow.net/reviews/muer-cafe-madrid-422088
229,Chia Chill Café,"C. del Conde Duque, 14,Madrid,Spain,28015",40.426454,-3.710996,19,4.5,"['European', 'Spanish']",85,Barato,+34-911524293,http://www.chiachillpages.com/,http://www.instagram.com/thechiachillproject,http://facebook.com/chiachillcafe,"{'Monday': '10:00 - 18:00', 'Tuesday': '10:00 - 18:00', 'Wednesday': 'Closed', 'Thursday': 'Closed', 'Friday': '10:00 - 18:00', 'Saturday': '10:00 - 18:00', 'Sunday': '10:00 - 18:00'}",https://www.happycow.net/reviews/chia-chill-cafe-madrid-284990
230,Roll Madrid,"Calle de Amaniel 23,Madrid,Spain,28015",40.427116,-3.709608,4,4.0,['American'],4,Moderado,+34-918057930,https://www.rollmadrid.com/,http://www.instagram.com/rollmadrid,http://facebook.com/RollMadridRestaurant,"{'Monday': '10:00 - 00:00', 'Tuesday': '10:00 - 00:00', 'Wednesday': '10:00 - 00:00', 'Thursday': '10:00 - 00:00', 'Friday': '10:00 - 01:00', 'Saturday': '10:00 - 01:00', 'Sunday': '10:00 - 00:00'}",https://www.happycow.net/reviews/roll-madrid-301317
231,Gioelia Cremeria - Madrid Atocha,"42 C. de Atocha,Madrid,Spain,28012",40.412764,-3.699997,1,4.0,['Italian'],6,No price range,+34-911256050,https://gioelia.com/en/ice-cream-parlor,http://www.instagram.com/gioeliacremeria_es,http://facebook.com/GioeliaCremeria.Madrid.Atocha,"{'Monday': '12:00 - 23:00', 'Tuesday': '12:00 - 23:00', 'Wednesday': '12:00 - 23:00', 'Thursday': '12:00 - 23:00', 'Friday': '12:00 - 00:30', 'Saturday': '12:00 - 00:30', 'Sunday': '12:00 - 23:00'}",https://www.happycow.net/reviews/gioelia-cremeria-madrid-atocha-363329
232,Be Beirut,"Calle de los Estudios, 3,Madrid,Spain,28012",40.412066,-3.707283,2,2.5,"['Mediterranean', 'Middle Eastern']",4,Barato,+34-674722141,No website,No instagram,http://facebook.com/Be-Beirut-2308500776143132,"{'Monday': '10:00 - 22:00', 'Tuesday': '10:00 - 22:00', 'Wednesday': '10:00 - 22:00', 'Thursday': '10:00 - 22:00', 'Friday': '10:00 - 22:00', 'Saturday': '10:00 - 22:00', 'Sunday': '10:00 - 22:00'}",https://www.happycow.net/reviews/be-beirut-madrid-213371
233,Rockade,"Calle del Almendro, 9,Madrid,Spain,28005",40.412711,-3.709627,1,4.0,"['International', 'Spanish']",4,Barato,+34-618319402,https://rockade.es/,http://www.instagram.com/rockade.bar,http://facebook.com/rockade.bilbao,"{'Monday': '18:00 - 01:00', 'Tuesday': '18:00 - 01:00', 'Wednesday': '18:00 - 01:00', 'Thursday': '18:00 - 02:00', 'Friday': '16:00 - 02:30', 'Saturday': '13:00 - 02:30', 'Sunday': '13:00 - 01:00'}",https://www.happycow.net/reviews/rockade-madrid-314688
234,SALT IN CAKE,"C. de Toledo, 47,Madrid,Spain,28005",40.412131,-3.707741,10,4.0,[],13,No price range,+34-910427956,https://saltincake.com/,http://www.instagram.com/saltincake.madrid,http://facebook.com/saltincake.madrid,"{'Monday': '11:00 - 22:00', 'Tuesday': '11:00 - 22:00', 'Wednesday': '11:00 - 22:00', 'Thursday': '11:00 - 22:00', 'Friday': '11:00 - 22:00', 'Saturday': '11:00 - 22:00', 'Sunday': '11:00 - 22:00'}",https://www.happycow.net/reviews/salt-in-cake-madrid-305081
235,The Vegan Roll,"C de Segovia, 15,Madrid,Spain,28005",40.413815,-3.711832,13,4.5,['Japanese'],33,Moderado,+34-685607037,http://theveganroll.com/,http://www.instagram.com/theveganroll,No facebook,"{'Monday': 'Closed', 'Tuesday': 'Closed', 'Wednesday': '13:00 - 16:00, 19:30 - 22:30', 'Thursday': '13:00 - 16:00, 19:30 - 22:30', 'Friday': '13:00 - 16:00, 19:30 - 22:30', 'Saturday': '13:00 - 16:00, 19:30 - 22:30', 'Sunday': '13:00 - 16:00, 19:30 - 22:30'}",https://www.happycow.net/reviews/the-vegan-roll-madrid-403991
236,California Burrito La Latina,"C. del Nuncio, 19 (at Understreet Market),Madrid,Spain,28005",40.412984,-3.710356,1,2.0,"['Mexican', 'Latin']",2,Moderado,+34-915596423,https://www.californiaburrito.es/,http://www.instagram.com/californiaburrito__/,No facebook,"{'Monday': '12:00 - 17:30, 20:00 - 23:30', 'Tuesday': '12:00 - 17:00, 20:00 - 23:30', 'Wednesday': '12:00 - 17:30, 20:00 - 23:30', 'Thursday': '12:00 - 23:30', 'Friday': '11:00 - 17:00, 20:00 - 23:30', 'Saturday': '11:00 - 23:30', 'Sunday': '11:00 - 23:30'}",https://www.happycow.net/reviews/california-burrito-la-latina-madrid-388347
237,Gosto Café,"C. de la Palma, 47, Centro,Madrid,Spain,28014",40.412947,-3.699396,1,5.0,['Spanish'],0,No price range,No phone number,No website,http://www.instagram.com/gosto.cafe,No facebook,"{'Monday': '09:00 - 19:00', 'Tuesday': '09:00 - 19:00', 'Wednesday': '09:00 - 19:00', 'Thursday': '09:00 - 19:00', 'Friday': '09:30 - 19:00', 'Saturday': '09:00 - 20:00', 'Sunday': '09:30 - 20:00'}",https://www.happycow.net/reviews/gosto-cafe-madrid-408583
238,Poke Friendly La Latina,"Calle del Nuncio 19 (at Understreet Market),Madrid,Spain,28005",40.412937,-3.710313,0,0,['Western'],1,Moderado,+34-676749819,https://www.pokefriendly.com/en,http://www.instagram.com/pokefriendly,http://facebook.com/pokefriendly,"{'Monday': '00:00 - 17:00, 20:00 - 00:00', 'Tuesday': 'Closed', 'Wednesday': '00:00 - 17:00, 20:00 - 00:00', 'Thursday': '00:00 - 17:00, 20:00 - 00:00', 'Friday': '00:00 - 17:00, 20:00 - 00:00', 'Saturday': '11:30 - 00:00', 'Sunday': '11:30 - 18:00, 20:00 - 00:00'}",https://www.happycow.net/reviews/poke-friendly-la-latina-madrid-382699
239,Halderia Tutti Frutti,"Cta. de San Vicente, 22, Moncloa - Aravaca,Madrid,Spain,28008",40.420660,-3.715470,1,5.0,[],0,No price range,+34-915411074,https://www.heladeriatuttifrutti.com/,No instagram,No facebook,"{'Monday': '11:30 - 23:00', 'Tuesday': '11:30 - 23:00', 'Wednesday': '11:30 - 23:00', 'Thursday': '11:30 - 23:00', 'Friday': '11:30 - 23:30', 'Saturday': '11:30 - 23:30', 'Sunday': '11:30 - 23:30'}",https://www.happycow.net/reviews/halderia-tutti-frutti-madrid-408012
240,Delica Bistro,"Calle de Toledo, 47,Madrid,Spain,28005",40.412052,-3.707740,0,0,['International'],1,Moderado,+34-913640684,https://delicabistro.es/,http://www.instagram.com/delicabistro,No facebook,"{'Monday': '09:30 - 17:00', 'Tuesday': '09:30 - 17:00', 'Wednesday': '09:30 - 23:00', 'Thursday': '09:30 - 23:00', 'Friday': '09:30 - 23:30', 'Saturday': '09:30 - 23:30', 'Sunday': '09:30 - 19:00'}",https://www.happycow.net/reviews/delica-bistro-madrid-357920
241,Acid Bakehouse,"Calle de la Magdalena, 27,Madrid,Spain,28012",40.412474,-3.700358,14,3.5,[],9,No price range,+34-910161003,http://www.acidcafe.es/,http://www.instagram.com/acid.cafe,No facebook,"{'Monday': '08:00 - 20:00', 'Tuesday': '08:00 - 20:00', 'Wednesday': '08:00 - 20:00', 'Thursday': '08:00 - 20:00', 'Friday': '08:00 - 20:00', 'Saturday': '09:00 - 20:00', 'Sunday': '09:00 - 20:00'}",https://www.happycow.net/reviews/acid-bakehouse-madrid-288862
242,Mona Pinkerton,"Calle de los Estudios, 5,Madrid,Spain,28012",40.411907,-3.707256,28,5.0,"['Mediterranean', 'Spanish']",102,Barato,+34-918280791,http://www.monapinkerton.com/,No instagram,http://facebook.com/MonaPinkerton,"{'Monday': 'Closed', 'Tuesday': 'Closed', 'Wednesday': 'Closed', 'Thursday': 'Closed', 'Friday': '20:00 - 00:00', 'Saturday': '12:30 - 00:30', 'Sunday': '12:00 - 18:00'}",https://www.happycow.net/reviews/mona-pinkerton-madrid-73355
243,DF Bar - León,"Calle León 31,Madrid,Spain",40.412897,-3.699237,2,2.5,"['International', 'Mexican']",4,Moderado,+34-914290739,http://www.dfbar.es/,No instagram,No facebook,"{'Monday': '13:30 - 00:00', 'Tuesday': '13:30 - 00:00', 'Wednesday': '13:30 - 00:00', 'Thursday': '13:30 - 00:00', 'Friday': '13:30 - 02:30', 'Saturday': '13:30 - 02:30', 'Sunday': '13:30 - 00:00'}",https://www.happycow.net/reviews/df-bar-madrid-89342
244,Pizzería Luca Brasi,"C. de Barceló (at Mercado Barceló - C/ Barceló, 6 - 2ª planta, local 306),Madrid,Spain,28004",40.426772,-3.698857,0,0,['Italian'],1,Caro,+34-613061993,http://www.pizzerialucabrasi.com/,http://www.instagram.com/pizzerialucabrasi,http://facebook.com/pizzerialucabrasi,"{'Monday': 'Closed', 'Tuesday': 'Closed', 'Wednesday': '20:30 - 00:00', 'Thursday': '13:30 - 16:00, 20:30 - 00:00', 'Friday': '13:30 - 16:00', 'Saturday': 'Closed', 'Sunday': 'Closed'}",https://www.happycow.net/reviews/pizzeria-luca-brasi-madrid-320964
245,Dirty Vegan Burgers - Taster - Maybe closed,"16 Calle de Lope de Vega,Madrid,Spain,28014",40.413601,-3.697823,1,3.0,['American'],7,Moderado,+34-902028289,https://shorturl.at/ajrs1,No instagram,No facebook,{'Horario': 'No hay horario'},https://www.happycow.net/reviews/dirty-vegan-burgers-taster-madrid-350234
246,La Pizzateca - Maybe closed,"Calle Leon 35,Madrid,Spain,28014",40.412796,-3.699283,9,4.0,['Italian'],36,Barato,+34-913693210,http://www.lapizzateca.com/,No instagram,No facebook,"{'Monday': 'Closed', 'Tuesday': '13:00 - 16:30, 19:00 - 00:00', 'Wednesday': '13:00 - 16:30, 19:00 - 00:00', 'Thursday': '13:00 - 16:30, 19:00 - 00:00', 'Friday': '13:00 - 16:30, 19:00 - 00:00', 'Saturday': '13:00 - 16:30, 19:00 - 00:00', 'Sunday': '13:00 - 16:30, 19:00 - 00:00'}",https://www.happycow.net/reviews/la-pizzateca-madrid-48976
247,La Biotika,"3 Amor de Dios,Madrid,Spain,28014",40.413260,-3.698290,58,4.0,['Spanish'],35,Moderado,+34-914290780,http://www.labiotika.es/,No instagram,http://facebook.com/labiotika,"{'Monday': '13:00 - 16:30', 'Tuesday': '13:00 - 16:30, 20:00 - 23:00', 'Wednesday': '13:00 - 16:30, 20:00 - 23:00', 'Thursday': '13:00 - 16:30, 20:00 - 23:00', 'Friday': '13:00 - 16:30, 20:00 - 23:00', 'Saturday': '13:00 - 16:30, 20:00 - 23:00', 'Sunday': '13:00 - 16:30'}",https://www.happycow.net/reviews/la-biotika-madrid-1140
248,Greta Salad Bar - Mejía Lequerica,"C. de Mejía Lequerica, 3, Centro,Madrid,Spain,28004",40.426378,-3.697931,0,0,"['Mediterranean', 'Fusion', 'Middle Eastern']",0,Moderado,+34-913540150,https://gretasaladbar.com/,http://www.instagram.com/greta.saladbar,No facebook,"{'Monday': '11:30 - 17:30', 'Tuesday': '11:30 - 18:30', 'Wednesday': '11:30 - 18:30', 'Thursday': '11:30 - 17:30', 'Friday': '11:30 - 17:30', 'Saturday': '11:30 - 17:30', 'Sunday': 'Closed'}",https://www.happycow.net/reviews/greta-salad-bar-madrid-420685
249,A Burgers,"Calle De Lope De Vega, 16,Madrid,Spain,28014",40.413506,-3.697846,5,4.0,['American'],8,No price range,+34-518888968,http://taster.com/kitchens/a-burgers,http://www.instagram.com/aburgerskitchen,No facebook,"{'Monday': '12:30 - 15:00, 19:30 - 22:30', 'Tuesday': '12:30 - 15:00, 19:30 - 22:30', 'Wednesday': '12:30 - 15:00, 19:30 - 22:30', 'Thursday': '12:30 - 15:00, 19:30 - 22:30', 'Friday': '12:30 - 15:00, 19:30 - 22:30', 'Saturday': '12:30 - 16:30, 17:00 - 22:30', 'Sunday': '12:30 - 16:30, 17:00 - 22:30'}",https://www.happycow.net/reviews/a-burgers-madrid-203548
250,Mama Uma,"Calle Barceló, 6 (at Mejía Lequerica),Madrid,Spain,28004",40.426927,-3.698869,4,4.0,"['Asian', 'Korean']",14,Moderado,+34-914474986,http://www.mamauma.com/,No instagram,http://facebook.com/mamaumakimbaphouse,"{'Monday': 'Closed', 'Tuesday': '13:30 - 16:00, 20:30 - 23:30', 'Wednesday': '13:30 - 16:00, 20:30 - 23:30', 'Thursday': '13:30 - 16:00, 20:30 - 23:30', 'Friday': '13:30 - 16:00, 20:30 - 23:30', 'Saturday': '13:30 - 16:00, 20:30 - 23:30', 'Sunday': 'Closed'}",https://www.happycow.net/reviews/mama-uma-madrid-215120
251,La Tuerta Funky Castizo,"C de la Cabeza, 28,Madrid,Spain,28012",40.411878,-3.701820,0,0,"['Mediterranean', 'European', 'Fusion', 'Spanish']",2,Moderado,+34-917003596,https://www.latuertafunkycastizo.com/,http://www.instagram.com/latuertafunkycastizo,http://facebook.com/latuertafunkycastizo,"{'Monday': 'Closed', 'Tuesday': 'Closed', 'Wednesday': 'Closed', 'Thursday': '18:00 - 02:00', 'Friday': '18:00 - 02:00', 'Saturday': '18:00 - 02:00', 'Sunday': 'Closed'}",https://www.happycow.net/reviews/la-tuerta-funky-castizo-madrid-402015
252,Choose,"Calle de Segovia 17,Madrid,Spain,28005",40.413785,-3.712377,179,5.0,"['Italian', 'Spanish']",294,Caro,+34-912873363,https://chooseristorante.com/,No instagram,http://facebook.com/chooseristorantenaturale,"{'Monday': '13:00 - 00:00', 'Tuesday': '13:00 - 00:00', 'Wednesday': '13:00 - 00:00', 'Thursday': '13:00 - 00:00', 'Friday': '13:00 - 00:00', 'Saturday': '13:00 - 00:00', 'Sunday': '13:00 - 00:00'}",https://www.happycow.net/reviews/choose-madrid-204929
253,Thunder Vegan - La Latina ,"CALLE TOLEDO 51,Madrid,Spain,28005",40.411829,-3.707850,26,4.5,['American'],44,Moderado,+34-914037596,https://thunderveganfood.com/,http://www.instagram.com/thunder_vegan/?hl=es,http://facebook.com/thundervegan/?locale=es_LA,"{'Monday': '13:00 - 23:00', 'Tuesday': '13:00 - 23:00', 'Wednesday': '13:00 - 23:00', 'Thursday': 'Closed', 'Friday': '13:00 - 23:30', 'Saturday': '13:00 - 23:30', 'Sunday': '13:00 - 23:00'}",https://www.happycow.net/reviews/thunder-vegan-madrid-364712
254,La Cocina de Seve,"Centro Comercial Barcelo, Calle Barceló ,Madrid,Spain,28004",40.426851,-3.698623,1,2.0,"['Mediterranean', 'Spanish']",3,Barato,+34-635663981,http://lacocinadeseve.com/,No instagram,No facebook,"{'Monday': '10:00 - 15:30', 'Tuesday': '10:00 - 15:30', 'Wednesday': '10:00 - 15:30', 'Thursday': '10:00 - 15:30', 'Friday': '10:00 - 15:30', 'Saturday': '10:00 - 15:30', 'Sunday': 'Closed'}",https://www.happycow.net/reviews/la-cocina-de-seve-madrid-103203
255,La Pastelería del Duque,"Calle del Duque de Alba, 14,Madrid,Spain,28012",40.411631,-3.706976,9,3.5,[],10,No price range,+34-609522510,No website,No instagram,http://facebook.com/pasteleriadelduque,"{'Monday': '08:00 - 22:30', 'Tuesday': '08:00 - 22:30', 'Wednesday': '08:00 - 22:30', 'Thursday': '08:00 - 22:30', 'Friday': '08:00 - 22:30', 'Saturday': '08:00 - 22:30', 'Sunday': '08:00 - 22:30'}",https://www.happycow.net/reviews/la-pasteleria-del-duque-madrid-230279
256,Roots LaMarca,"Calle de Fernando VI, 10, Local 4,Madrid,Spain,28004",40.424664,-3.695664,24,3.5,"['International', 'Mediterranean', 'Spanish']",25,Moderado,+34-914421229,https://rootslamarca.com/,No instagram,http://facebook.com/roots.lamarca,"{'Monday': '08:30 - 22:00', 'Tuesday': '08:30 - 22:00', 'Wednesday': '08:30 - 22:00', 'Thursday': '08:30 - 22:00', 'Friday': '08:30 - 22:00', 'Saturday': '09:00 - 22:00', 'Sunday': '09:00 - 22:00'}",https://www.happycow.net/reviews/roots-lamarca-madrid-152565
257,El Perro De Pavlov,"Costanilla de San Pedro, 5 (at Plaza de la Cebada),Madrid,Spain,28005",40.412620,-3.710612,11,4.0,"['Spanish', 'Australian']",20,Moderado,+34-669799299,No website,No instagram,http://facebook.com/elperrodepavlovcafe,"{'Monday': '16:00 - 19:00', 'Tuesday': '09:00 - 14:00, 16:00 - 19:00', 'Wednesday': '09:00 - 14:00, 16:00 - 19:00', 'Thursday': '09:00 - 14:00, 16:00 - 19:00', 'Friday': '09:00 - 14:00, 16:00 - 19:00', 'Saturday': '10:00 - 20:00', 'Sunday': '10:00 - 20:00'}",https://www.happycow.net/reviews/el-perro-de-pavlov-madrid-159982
258,LechuGO,"C/ Conde Duque 24 (at C/ Conde Duque 26, Local Frutas Prohibidas),Madrid,Spain,28015",40.427388,-3.710401,4,4.0,"['American', 'Italian', 'Mexican']",19,Barato,+34-675928868,http://www.lechugo.es/,http://www.instagram.com/lechugo_app,http://facebook.com/Veganizando-113405571350163,"{'Monday': 'Closed', 'Tuesday': 'Closed', 'Wednesday': '20:00 - 23:30', 'Thursday': '20:00 - 23:30', 'Friday': '20:00 - 23:30', 'Saturday': '20:00 - 23:30', 'Sunday': '20:00 - 23:30'}",https://www.happycow.net/reviews/lechugo-madrid-290084
259,La Huerta de Almeria - La Latina,"Calle de San Millan esquina Calle Estudios,Madrid,Spain,28005",40.411550,-3.707332,34,4.0,"['International', 'Mediterranean']",55,Moderado,+34-912799254,http://huertadealmeria.com/,No instagram,http://facebook.com/lahuertadealmeria,"{'Monday': '09:00 - 00:00', 'Tuesday': '09:00 - 00:00', 'Wednesday': '09:00 - 00:00', 'Thursday': '09:00 - 00:00', 'Friday': '09:00 - 00:00', 'Saturday': '09:00 - 00:00', 'Sunday': '09:00 - 00:00'}",https://www.happycow.net/reviews/la-huerta-de-almera-madrid-80682
260,Pum Pum Bakery,"Calle de la Esgrima, 1,Madrid,Spain,28012",40.411365,-3.703948,1,3.0,"['International', 'Mediterranean', 'European']",7,No price range,No phone number,https://www.pumpumcafe.com/bakery,No instagram,http://facebook.com/Pum-Pum-Bakery-106362614313421,"{'Monday': '08:30 - 13:30', 'Tuesday': '08:30 - 13:30', 'Wednesday': '08:30 - 13:30', 'Thursday': '08:30 - 13:30', 'Friday': '08:30 - 13:30', 'Saturday': '09:00 - 15:00', 'Sunday': '09:00 - 15:00'}",https://www.happycow.net/reviews/pum-pum-bakery-madrid-230214
261,L'Origine,"Calle del Mesón de Paredes, 10,Madrid,Spain,28012",40.411260,-3.705180,3,3.5,[],2,No price range,No phone number,No website,http://www.instagram.com/lorigine.coffee,No facebook,"{'Monday': '09:00 - 20:00', 'Tuesday': '09:00 - 20:00', 'Wednesday': '09:00 - 20:00', 'Thursday': '09:00 - 20:00', 'Friday': '09:00 - 20:00', 'Saturday': '09:00 - 20:00', 'Sunday': '09:00 - 20:00'}",https://www.happycow.net/reviews/lorigine-madrid-270070
262,Domi,"Calle Costanilla de San Andrés 10 (at Plaza de la paja),Madrid,Spain,28005",40.413045,-3.711772,2,3.5,"['International', 'Western', 'Caribbean', 'Spanish', 'Latin']",21,Moderado,+34-910573842,http://www.domimadrid.com/,http://www.instagram.com/domi.lalatina,http://facebook.com/domi.lalatina,"{'Monday': '13:00 - 01:30', 'Tuesday': '13:00 - 01:30', 'Wednesday': '13:00 - 01:30', 'Thursday': '13:00 - 01:30', 'Friday': '13:00 - 01:30', 'Saturday': '13:00 - 01:30', 'Sunday': '13:00 - 12:00'}",https://www.happycow.net/reviews/domi-madrid-162961
263,Yupick Café,"Calle de Fuencarral, 104,Madrid,Spain,28004",40.428286,-3.701850,1,5.0,['Spanish'],2,No price range,+34-916651596,https://yupickcafe.es/,http://www.instagram.com/yupickcafe,No facebook,"{'Monday': '09:00 - 23:00', 'Tuesday': '09:00 - 23:00', 'Wednesday': '09:00 - 23:00', 'Thursday': '09:00 - 23:00', 'Friday': '09:00 - 23:00', 'Saturday': '09:00 - 22:00', 'Sunday': '09:00 - 23:00'}",https://www.happycow.net/reviews/yupick-cafe-madrid-408854
264,Grosso Napoletano Senza Glutine,"Calle de Fernando VI, 23,Madrid,Spain,28004",40.424820,-3.695486,5,3.5,['Italian'],5,Moderado,+34-910053943,https://www.grossonapoletano.com/,http://www.instagram.com/grosso_napoletano,http://facebook.com/grossonapoletano,"{'Monday': '13:00 - 16:00, 19:30 - 23:00', 'Tuesday': '13:00 - 16:00, 19:30 - 23:00', 'Wednesday': '13:00 - 16:00, 19:30 - 23:00', 'Thursday': '13:00 - 16:00, 19:30 - 23:00', 'Friday': '13:00 - 16:00, 19:30 - 00:00', 'Saturday': '13:00 - 16:00, 19:30 - 00:00', 'Sunday': '13:00 - 16:00, 19:30 - 23:30'}",https://www.happycow.net/reviews/grosso-napoletano-senza-glutine-madrid-311329
265,Jodidamente,"C. del Mesón de Paredes, 11,Madrid,Spain,28012",40.411240,-3.704866,0,0,['International'],0,No price range,+34-604386398,http://www.jodidamente.com/,http://www.instagram.com/jodidamentelavapies,No facebook,"{'Monday': 'Closed', 'Tuesday': '13:30 - 22:30', 'Wednesday': '13:30 - 22:30', 'Thursday': '13:30 - 22:30', 'Friday': '13:30 - 23:00', 'Saturday': '13:30 - 23:00', 'Sunday': '13:00 - 18:00'}",https://www.happycow.net/reviews/jodidamente-madrid-409287
266,Zíngara,"Plaza de las Salesas, 8,Madrid,Spain,28004",40.423742,-3.694659,6,4.0,['Middle Eastern'],11,Moderado,+34-652188063,No website,No instagram,No facebook,"{'Monday': 'Closed', 'Tuesday': '20:00 - 01:00', 'Wednesday': '20:00 - 01:00', 'Thursday': '19:00 - 02:00', 'Friday': '19:00 - 02:00', 'Saturday': '13:00 - 17:00, 19:00 - 02:00', 'Sunday': 'Closed'}",https://www.happycow.net/reviews/zingara-madrid-372967
267,EatMyTrip Brunch & Dinner Madrid,"Calle Manuela Malasaña 17,Madrid,Spain,28004",40.428583,-3.703901,7,3.5,"['American', 'International', 'Mediterranean', 'Fusion', 'Australian']",5,Moderado,+34-689960975,https://eatmytrip.com/brunch-madrid-malasana,http://www.instagram.com/eatmytripmadrid,http://facebook.com/eatmytripmalasana,"{'Monday': '10:00 - 17:00', 'Tuesday': '10:00 - 17:00', 'Wednesday': '10:00 - 17:00', 'Thursday': '10:00 - 00:00', 'Friday': '10:00 - 00:00', 'Saturday': '10:00 - 00:00', 'Sunday': '10:00 - 18:00'}",https://www.happycow.net/reviews/eatmytrip-brunch-and-dinner-madrid-306251
268,Pizzería Limonzello,"Plaza de Cascorro, 1,Madrid,Spain,28005",40.411372,-3.707097,0,0,['Italian'],3,Barato,+34-914296690,No website,http://www.instagram.com/limonzellopizza_artesana,http://facebook.com/p/Limoncello-Pizzeria-100068092118086,"{'Monday': '12:00 - 01:00', 'Tuesday': '12:00 - 01:00', 'Wednesday': '12:00 - 01:00', 'Thursday': '12:00 - 01:00', 'Friday': '12:00 - 01:00', 'Saturday': '12:00 - 02:00', 'Sunday': '12:00 - 02:00'}",https://www.happycow.net/reviews/pizzeria-limonzello-madrid-356090
269,ALCHEMY,"C. de San Millán, 4,Madrid,Spain,28012",40.411489,-3.707749,1,4.0,['Spanish'],0,No price range,+34-631413272,No website,http://www.instagram.com/alchemyspecialty/,No facebook,"{'Monday': '08:00 - 19:00', 'Tuesday': '08:00 - 20:00', 'Wednesday': '08:00 - 20:00', 'Thursday': '08:00 - 20:00', 'Friday': '08:00 - 20:00', 'Saturday': '09:00 - 20:00', 'Sunday': '09:00 - 20:00'}",https://www.happycow.net/reviews/alchemy-specialty-coffee-madrid-408408
270,B-good,"Calle de San Millán, 6,Madrid,Spain,28012",40.411466,-3.707836,1,3.0,"['Asian', 'Vietnamese']",1,Barato,+34-605951977,No website,No instagram,http://facebook.com/B-Good-Madrid-110053224125516,"{'Monday': '12:00 - 16:00', 'Tuesday': '12:00 - 16:00', 'Wednesday': '12:00 - 16:00', 'Thursday': '12:00 - 16:00', 'Friday': '12:00 - 16:00', 'Saturday': '12:00 - 16:00', 'Sunday': 'Closed'}",https://www.happycow.net/reviews/b-good-madrid-276182
271,Villa Capri,"Calle de Hortaleza, 118,Madrid,Spain,28004",40.426101,-3.696722,4,2.0,['Italian'],13,Moderado,+34-914416299,https://www.bigmammagroup.com/en/trattorias/villa-capri,No instagram,No facebook,"{'Monday': '13:30 - 16:00, 19:30 - 22:30', 'Tuesday': '13:30 - 16:00, 19:30 - 22:30', 'Wednesday': '13:30 - 16:00, 19:30 - 22:30', 'Thursday': '13:30 - 16:00, 19:30 - 23:00', 'Friday': '13:30 - 16:00, 19:30 - 23:00', 'Saturday': '12:30 - 16:30, 19:30 - 23:00', 'Sunday': '12:30 - 16:30, 19:30 - 22:30'}",https://www.happycow.net/reviews/villa-capri-madrid-240324
272,Dirty Joe's by Huera,"C de San Bernardo, 86,Madrid,Spain,28004",40.428679,-3.705858,2,3.5,[],0,No price range,+34-932200795,https://glovoapp.com/es/en/madrid/dirty-joes-vegan-burger-by-heura-madrid/,http://www.instagram.com/_dirtyjoes,No facebook,"{'Monday': '13:00 - 23:30', 'Tuesday': '13:00 - 19:00, 19:30 - 23:30', 'Wednesday': '13:00 - 23:30', 'Thursday': '13:00 - 19:00, 19:30 - 23:30', 'Friday': '13:00 - 23:30', 'Saturday': '13:00 - 23:30', 'Sunday': '13:00 - 23:30'}",https://www.happycow.net/reviews/dirty-joes-by-huera-madrid-413899
273,Taquería La Lupita,"Calle del Conde de Xiquena, 10,Madrid,Spain,28004",40.423185,-3.694059,2,3.5,['Mexican'],7,Moderado,+34-911526565,https://lalupita.es/,http://www.instagram.com/taquerialalupita_madrid,http://facebook.com/taquerialalupita,"{'Monday': '13:30 - 17:00, 20:00 - 00:00', 'Tuesday': '13:30 - 17:00, 20:00 - 00:00', 'Wednesday': '13:30 - 17:00, 20:00 - 00:00', 'Thursday': '13:30 - 17:00, 20:00 - 00:00', 'Friday': '13:30 - 00:00', 'Saturday': '13:30 - 00:00', 'Sunday': '13:30 - 00:00'}",https://www.happycow.net/reviews/taqueria-la-lupita-madrid-293907
274,Nuria,"Calle de Manuela Malasana, 6,Madrid,Spain,28004",40.428728,-3.703235,7,4.0,[],17,Moderado,+34-915916327,http://www.nuriarestauranteetiope.es/,No instagram,http://facebook.com/Restaurante-Et%C3%ADope-Nuria-122131384488432,"{'Monday': '11:30 - 00:00', 'Tuesday': '11:30 - 01:00', 'Wednesday': '11:30 - 01:00', 'Thursday': '11:30 - 01:00', 'Friday': '11:30 - 01:00', 'Saturday': '11:30 - 01:00', 'Sunday': '11:30 - 01:00'}",https://www.happycow.net/reviews/nuria-madrid-167211
275,Taberna Garibaldi ,"C del Ave María, 6,Madrid,Spain,28012",40.411689,-3.700359,1,4.0,"['Italian', 'Western', 'European', 'Spanish']",2,Moderado,+34-915010122,https://www.tabernagaribaldi.com/,http://www.instagram.com/bartabernagaribaldi,No facebook,"{'Monday': 'Closed', 'Tuesday': '12:00 - 00:00', 'Wednesday': '12:00 - 00:00', 'Thursday': '12:00 - 00:00', 'Friday': '12:00 - 02:00', 'Saturday': '12:00 - 02:00', 'Sunday': '12:00 - 18:00'}",https://www.happycow.net/reviews/taberna-garibaldi-madrid-403649
276,Coco House,"5 Calle de Campoamor,Madrid,Spain,28004",40.425844,-3.696118,11,4.5,['European'],23,Moderado,+34-622741365,http://ilovecocohouse.com/,http://www.instagram.com/cocohouse.es,No facebook,"{'Monday': '10:00 - 20:00', 'Tuesday': '10:00 - 20:00', 'Wednesday': '10:00 - 20:00', 'Thursday': '10:00 - 20:00', 'Friday': '10:00 - 21:00', 'Saturday': '10:00 - 21:00', 'Sunday': '10:00 - 20:00'}",https://www.happycow.net/reviews/coco-house-madrid-276614
277,UNFLTRD Coffee,"C. de Amaniel, 36, Centro,Madrid,Spain,28015",40.428192,-3.709343,1,4.0,[],0,No price range,+34-915595784,No website,http://www.instagram.com/unfltrdcoffee,No facebook,"{'Monday': '09:00 - 17:00', 'Tuesday': '09:00 - 17:00', 'Wednesday': '09:00 - 17:00', 'Thursday': '09:00 - 17:00', 'Friday': '09:00 - 16:00', 'Saturday': '10:00 - 15:30', 'Sunday': '10:00 - 15:30'}",https://www.happycow.net/reviews/unfltrd-coffee-madrid-427038
278,Osom - Atelier,"2 Calle de Santa Teresa,Madrid,Spain,28004",40.426233,-3.696518,3,3.5,[],0,Barato,+34-913244999,https://www.somososom.com/,http://www.instagram.com/somososom,No facebook,"{'Monday': '08:00 - 20:00', 'Tuesday': '08:00 - 20:00', 'Wednesday': '08:00 - 20:00', 'Thursday': '08:00 - 20:00', 'Friday': '08:00 - 20:00', 'Saturday': '08:00 - 20:00', 'Sunday': '08:00 - 20:00'}",https://www.happycow.net/reviews/osom-madrid-347137
279,Hermanas Arce,"C. Marqués de Monasterio, 6,Madrid,Spain,28004",40.422988,-3.693649,2,4.0,['Western'],0,No price range,+34-918708593,No website,http://www.instagram.com/hermanasarce,http://facebook.com/hermanasae,"{'Monday': '09:00 - 16:30', 'Tuesday': '09:00 - 16:30', 'Wednesday': '09:00 - 16:30', 'Thursday': '09:00 - 16:30', 'Friday': '09:00 - 16:30', 'Saturday': 'Closed', 'Sunday': 'Closed'}",https://www.happycow.net/reviews/hermanas-arce-madrid-406570
280,Panifiesto,"Encomienda, 5,Madrid,Spain,28012",40.410803,-3.705052,8,4.5,[],13,No price range,+34-694449020,http://www.panifiesto.es/,No instagram,No facebook,"{'Monday': '10:00 - 15:00, 17:30 - 20:00', 'Tuesday': '10:00 - 15:00, 17:30 - 20:00', 'Wednesday': '10:00 - 15:00, 17:30 - 20:00', 'Thursday': '10:00 - 15:00, 17:30 - 20:00', 'Friday': '10:00 - 15:00, 17:30 - 20:00', 'Saturday': '10:00 - 14:30', 'Sunday': '10:00 - 14:30'}",https://www.happycow.net/reviews/panifiesto-madrid-134466
281,Lamiak,"10 Calle de la Rosa,Madrid,Spain,28012",40.411760,-3.699534,0,0,"['Mediterranean', 'Spanish']",0,Barato,+34-915397450,No website,No instagram,No facebook,{'Horario': 'No hay horario'},https://www.happycow.net/reviews/lamiak-madrid-384658
282,DF Bar - Larra,"Calle Larra 23,Madrid,Spain",40.428456,-3.700555,3,2.5,['Mexican'],1,Moderado,+34-915138403,http://www.dfbar.es/,No instagram,No facebook,"{'Monday': 'Closed', 'Tuesday': '13:30 - 17:00', 'Wednesday': '13:30 - 17:00', 'Thursday': '13:30 - 17:00', 'Friday': '13:30 - 17:00', 'Saturday': '13:30 - 17:00', 'Sunday': '13:30 - 17:00'}",https://www.happycow.net/reviews/df-bar-madrid-89343
283,DaaraJi,"C. del Mesón de Paredes, 17,Madrid,Spain,28012",40.410764,-3.704540,6,4.0,['African'],17,Barato,+34-622023874,No website,http://www.instagram.com/daarajibar,http://facebook.com/pages/category/Tapas-Bar---Restaurant/Facedaaraji-102352721919091,"{'Monday': '13:00 - 17:00, 20:00 - 23:00', 'Tuesday': '13:00 - 17:00, 20:00 - 23:00', 'Wednesday': '13:00 - 17:00, 20:00 - 23:00', 'Thursday': '13:00 - 17:00, 20:00 - 23:00', 'Friday': '13:00 - 17:00, 20:00 - 23:00', 'Saturday': '13:00 - 17:00, 20:00 - 23:00', 'Sunday': '13:00 - 17:00, 20:00 - 23:00'}",https://www.happycow.net/reviews/daaraji-madrid-266714
284,Yan Ken Pon - La Latina,"Plaza de Cascorro, 3,Madrid,Spain,28005",40.410911,-3.707048,5,4.0,"['Japanese', 'Asian']",37,Moderado,+34-682822505,http://www.yankenpon.com/,No instagram,http://facebook.com/YankenponSushi,"{'Monday': 'Closed', 'Tuesday': '13:00 - 16:30, 20:00 - 23:00', 'Wednesday': '13:00 - 16:30, 20:00 - 23:00', 'Thursday': '13:00 - 16:30, 20:00 - 23:00', 'Friday': '13:00 - 16:30, 20:00 - 00:00', 'Saturday': '20:00 - 00:00', 'Sunday': '20:00 - 23:00'}",https://www.happycow.net/reviews/yan-ken-pon-madrid-123767
285,VIVA,"Costanilla de San Andrés 16 (at Plaza de la Paja),Madrid,Spain,28005",40.412472,-3.711851,257,4.5,"['American', 'Western', 'Mexican', 'Spanish']",279,Moderado,+34-913663349,http://www.vivaburger.es/,No instagram,http://facebook.com/vivaburgermadrid,"{'Monday': '11:00 - 00:00', 'Tuesday': '11:00 - 00:00', 'Wednesday': '11:00 - 00:00', 'Thursday': '11:00 - 00:00', 'Friday': '11:00 - 02:00', 'Saturday': '11:00 - 02:00', 'Sunday': '11:00 - 00:00'}",https://www.happycow.net/reviews/viva-madrid-55557
286,Poke & Greens,"Calle del Meson de Paredes, 20,Madrid,Spain,28012",40.410720,-3.704763,1,3.0,"['Asian', 'Fusion']",6,Moderado,+34-675520448,http://pokegreens.eatbu.com/,No instagram,No facebook,"{'Monday': '12:00 - 16:00, 19:00 - 23:00', 'Tuesday': '12:00 - 16:00, 19:00 - 23:00', 'Wednesday': '12:00 - 16:00, 19:00 - 23:00', 'Thursday': '12:00 - 16:00, 19:00 - 23:00', 'Friday': '12:00 - 16:00, 19:00 - 23:00', 'Saturday': '12:00 - 16:00, 19:00 - 23:00', 'Sunday': 'Closed'}",https://www.happycow.net/reviews/poke-and-greens-madrid-175653
287,L'Adore Cafe Bistrot,"Plaza de Cascorro, 20,Madrid,Spain,28005",40.410911,-3.707455,8,3.0,"['International', 'French']",3,Barato,+34-654682070,https://www.facebook.com/Pan-Ador%C3%A9-538885442913731,No instagram,http://facebook.com/Pan-Ador%C3%A9-538885442913731,{'Horario': 'No hay horario'},https://www.happycow.net/reviews/ladore-madrid-91012
288,Zaatar & Co.,"Calle del Acuerdo, 31,Madrid,Spain,28015",40.428874,-3.707973,1,4.0,['Middle Eastern'],0,Moderado,+34-916771341,https://www.zandco.es/,http://www.instagram.com/zaatarco.es,http://facebook.com/ZaatarCo,"{'Monday': '11:00 - 23:30', 'Tuesday': '11:00 - 23:30', 'Wednesday': '11:00 - 23:30', 'Thursday': '11:00 - 23:30', 'Friday': '12:00 - 00:30', 'Saturday': '12:00 - 00:30', 'Sunday': 'Closed'}",https://www.happycow.net/reviews/zaatar-co-madrid-404307
289,La Cuchara de Lavapiés,"Calle del Mesón de Paredes,Madrid,Spain,28012",40.410649,-3.704528,1,3.0,"['Mediterranean', 'European', 'Spanish']",6,Barato,+34-912413970,https://lacucharadelavapies.es/,No instagram,http://facebook.com/lacucharalavapies,"{'Monday': '11:30 - 21:30', 'Tuesday': '11:30 - 21:30', 'Wednesday': '11:30 - 21:30', 'Thursday': '11:30 - 21:30', 'Friday': '11:30 - 21:30', 'Saturday': '11:30 - 21:30', 'Sunday': '11:30 - 21:30'}",https://www.happycow.net/reviews/la-cuchara-de-lavapies-madrid-181476
290,La Barra Dulce,"C. del Mesón de Paredes, 22,Madrid,Spain,28012",40.410616,-3.704650,8,4.0,[],8,No price range,+34-918468385,No website,No instagram,http://facebook.com/Labarradulcemadriz,"{'Monday': '08:00 - 20:00', 'Tuesday': '08:00 - 20:00', 'Wednesday': '08:00 - 20:00', 'Thursday': '08:00 - 20:00', 'Friday': '08:00 - 20:00', 'Saturday': '08:00 - 20:00', 'Sunday': 'Closed'}",https://www.happycow.net/reviews/la-barra-dulce-madrid-313971
291,Adorado,"Calle del Mesón de Paredes, 22,Madrid,Spain,28012",40.410600,-3.704635,3,3.0,['Spanish'],3,Barato,+34-911257935,http://adoradobar.es/,No instagram,No facebook,"{'Monday': '09:00 - 21:00', 'Tuesday': '09:00 - 21:00', 'Wednesday': '09:00 - 21:00', 'Thursday': '09:00 - 21:00', 'Friday': '09:00 - 21:00', 'Saturday': '09:00 - 21:00', 'Sunday': '09:00 - 21:00'}",https://www.happycow.net/reviews/adorado-madrid-314743
292,La Encomienda,"Calle de la Encomienda 19,Madrid,Spain,28012",40.410636,-3.706012,261,4.5,"['International', 'Mediterranean', 'Spanish']",517,Moderado,+34-910291300,http://www.laencomienda.es/,No instagram,http://facebook.com/laencomiendavegana,"{'Monday': '13:30 - 17:00, 20:30 - 00:00', 'Tuesday': '13:30 - 17:00, 20:30 - 00:00', 'Wednesday': '13:30 - 17:00, 20:30 - 00:00', 'Thursday': '13:30 - 17:00, 20:30 - 00:00', 'Friday': '13:30 - 00:00', 'Saturday': '13:30 - 00:00', 'Sunday': '13:30 - 00:00'}",https://www.happycow.net/reviews/la-encomienda-madrid-76139
293,CLBM Bar,"59 Calle de las Huertas,Madrid,Spain,28014",40.413278,-3.696261,0,0,"['Western', 'Spanish']",10,Barato,+34-918607015,http://clbmbar.com/,No instagram,http://facebook.com/clbmbar,"{'Monday': 'Closed', 'Tuesday': 'Closed', 'Wednesday': '19:00 - 00:00', 'Thursday': '19:00 - 00:00', 'Friday': '13:00 - 01:00', 'Saturday': '13:00 - 01:00', 'Sunday': '13:00 - 23:00'}",https://www.happycow.net/reviews/clbm-bar-madrid-250761
294,Sr. Matambre,"Calle del Amparo, 12,Madrid,Spain,28012",40.410561,-3.703895,2,4.0,"['International', 'Italian', 'Mediterranean', 'Spanish']",2,Barato,+34-622240513,No website,http://www.instagram.com/srmatambre,No facebook,"{'Monday': '10:30 - 16:00, 18:00 - 19:30', 'Tuesday': '10:30 - 16:00, 18:00 - 19:30', 'Wednesday': '10:30 - 16:00, 18:00 - 19:30', 'Thursday': '10:30 - 16:00, 18:00 - 19:30', 'Friday': '10:30 - 16:00, 18:00 - 19:30', 'Saturday': '11:30 - 16:30', 'Sunday': 'Closed'}",https://www.happycow.net/reviews/sr-matambre-madrid-140806
295,Galipán La Latina,"7 Plaza de Puerta de Moros,Madrid,Spain,28005",40.411694,-3.710968,2,3.5,['American'],2,Barato,No phone number,http://www.galipanspain.es/,No instagram,No facebook,"{'Monday': '13:30 - 04:00', 'Tuesday': '13:30 - 04:00', 'Wednesday': '13:30 - 04:00', 'Thursday': '13:30 - 04:00', 'Friday': '13:30 - 07:00', 'Saturday': '13:30 - 07:00', 'Sunday': '13:30 - 04:00'}",https://www.happycow.net/reviews/galipan-la-latina-madrid-340155
296,Tiki Taco - Mercado Anton Martin,"C de Sta  Isabel, 5,Madrid,Spain,28012",40.411631,-3.698659,3,2.5,['Mexican'],0,Moderado,No phone number,No website,http://www.instagram.com/taqueria.tikitaco,No facebook,"{'Monday': '13:00 - 01:00', 'Tuesday': '13:00 - 01:00', 'Wednesday': '13:00 - 01:00', 'Thursday': '13:00 - 01:00', 'Friday': '13:00 - 01:00', 'Saturday': '13:00 - 01:00', 'Sunday': '13:00 - 01:00'}",https://www.happycow.net/reviews/tiki-taco-madrid-376512
297,Plantate Cafe,"C/ Meson de Paredes, 28,Madrid,Spain,28018",40.410363,-3.704497,24,4.5,"['Western', 'European']",49,Barato,+34-910230291,No website,http://www.instagram.com/plantatecafe,http://facebook.com/plantatecafe,"{'Monday': '09:00 - 20:00', 'Tuesday': 'Closed', 'Wednesday': '09:00 - 20:00', 'Thursday': '09:00 - 20:00', 'Friday': '09:00 - 20:00', 'Saturday': '10:00 - 20:00', 'Sunday': '10:00 - 20:00'}",https://www.happycow.net/reviews/plantate-cafe-madrid-121397
298,Mistura - Toledo,"C/ Toledo, 71,Madrid,Spain,28005 ",40.410802,-3.708629,4,3.5,[],6,No price range,+34-918181056,http://misturaicecream.com/,No instagram,http://facebook.com/misturaicecream/,"{'Monday': '08:30 - 22:00', 'Tuesday': '08:30 - 22:00', 'Wednesday': '08:30 - 22:00', 'Thursday': '08:30 - 22:00', 'Friday': '08:30 - 00:00', 'Saturday': '09:00 - 00:00', 'Sunday': '09:00 - 22:00'}",https://www.happycow.net/reviews/mistura-madrid-204431
299,Asian Army,"Calle de Santa Isabel, 5 Dentro Mercado Anton Martin Planta Baja, Puesto 7-11,Madrid,Spain,28012",40.411611,-3.698669,4,4.0,['Asian'],27,Moderado,+34-680543942,https://asianarmymadrid.com/,http://www.instagram.com/asianarmymadrid,http://facebook.com/asianarmymadrid,,https://www.happycow.net/reviews/asian-army-madrid-184703
300,Natif Coffee & Kitchen,"Calle de Sta. Teresa, 2,Madrid,Spain,28004",40.426674,-3.695982,4,4.0,['Western'],2,No price range,No phone number,https://www.natif.es/,http://www.instagram.com/natifcafe,http://facebook.com/natifcafe,"{'Monday': '08:30 - 20:00', 'Tuesday': '08:30 - 20:00', 'Wednesday': '08:30 - 20:00', 'Thursday': '08:30 - 20:00', 'Friday': '08:30 - 20:00', 'Saturday': '10:00 - 20:00', 'Sunday': '10:00 - 20:00'}",https://www.happycow.net/reviews/natif-coffee-y-kitchen-madrid-293158
301,Market Greens - Maybe closed,"Mercado Anton Martin, planta baja, Calle de Santa Isabel, 5,Madrid,Spain,28012",40.411596,-3.698677,0,0,"['International', 'Fusion', 'Spanish']",1,Moderado,+34-603495255,No website,No instagram,http://facebook.com/marketgreensmadrid,"{'Monday': '11:00 - 20:00', 'Tuesday': '11:00 - 20:00', 'Wednesday': '11:00 - 18:00', 'Thursday': '11:00 - 20:00', 'Friday': '11:00 - 20:00', 'Saturday': '10:00 - 17:00', 'Sunday': 'Closed'}",https://www.happycow.net/reviews/market-greens-madrid-194537
302,COFI,"Calle del Acuerdo, 36,Madrid,Spain,28015",40.429262,-3.707658,2,4.0,[],2,No price range,+34-636669973,https://cofiweb.es/,http://www.instagram.com/cofi.mad,No facebook,"{'Monday': '08:30 - 20:00', 'Tuesday': '08:30 - 20:00', 'Wednesday': '08:30 - 20:00', 'Thursday': '08:30 - 20:00', 'Friday': '08:30 - 20:00', 'Saturday': '09:30 - 20:00', 'Sunday': '09:30 - 20:00'}",https://www.happycow.net/reviews/cofi-madrid-395455
303,Bontá Tebú,"Santa Isabel 5,Madrid,Spain",40.411590,-3.698675,0,0,"['Western', 'Spanish']",1,Moderado,No phone number,No website,http://www.instagram.com/bontatebu,No facebook,"{'Monday': '10:00 - 15:00, 17:00 - 22:00', 'Tuesday': '10:00 - 15:00, 17:00 - 22:00', 'Wednesday': '10:00 - 15:00, 17:00 - 22:00', 'Thursday': '10:00 - 15:00, 17:00 - 22:00', 'Friday': '10:00 - 15:00, 17:00 - 22:00', 'Saturday': '10:00 - 15:00, 17:00 - 22:00', 'Sunday': 'Closed'}",https://www.happycow.net/reviews/bonta-tebu-madrid-233996